Timestamp,TFE min speed,TFE max speed,TFE located,TFE block,TFE abscissa,TFE direction,TRE block,TRE abscissa,TRE direction,EBA front end absc.,* Location,Loc available,Loc uncertainty,Loc permanent failure
2022-06-22 11:18:45.4,3.568,5.396,True,712,3.792,NA,713,121.991,NA,2.130,------------,True,1.355,False
2022-06-22 11:18:45.6,2.426,4.043,True,712,3.592,NA,713,122.160,NA,1.342,------------,True,1.387,False
2022-06-22 11:18:45.8,1.213,1.793,True,712,3.489,NA,713,122.235,NA,115.107,------------,True,1.414,False
2022-06-22 11:18:46.0,0.000,0.879,True,712,3.465,NA,713,122.256,NA,114.465,------------,True,1.418,False
2022-06-22 11:18:46.2,0.000,0.439,True,712,3.465,NA,713,122.256,NA,114.144,------------,True,1.418,False
2022-06-22 11:19:07.2,0.000,0.826,True,712,3.442,NA,713,122.277,NA,114.448,------------,True,1.418,False
2022-06-22 11:19:07.4,0.158,1.213,True,712,3.399,NA,713,122.319,NA,114.775,------------,True,1.420,False
2022-06-22 11:19:07.6,0.527,1.617,True,712,3.334,NA,713,122.383,NA,115.136,------------,True,1.422,False
2022-06-22 11:19:07.8,0.527,1.617,True,712,3.269,NA,713,122.446,NA,115.201,------------,True,1.424,False
2022-06-22 11:19:08.0,0.527,1.617,True,712,3.203,NA,713,122.510,NA,115.267,------------,True,1.425,False
2022-06-22 11:19:08.2,0.914,2.004,True,712,3.116,NA,713,122.595,NA,0.326,------------,True,1.428,False
2022-06-22 11:19:08.4,0.527,1.617,True,712,3.051,NA,713,122.657,NA,0.108,------------,True,1.430,False
2022-06-22 11:19:08.6,0.914,2.004,True,712,2.964,NA,713,122.742,NA,0.479,------------,True,1.433,False
2022-06-22 11:19:08.8,0.914,2.004,True,712,2.877,NA,713,122.827,NA,0.565,------------,True,1.435,False
2022-06-22 11:19:09.0,0.914,2.004,True,712,2.790,NA,713,122.911,NA,0.652,------------,True,1.438,False
2022-06-22 11:19:09.2,0.914,2.004,True,712,2.703,NA,713,122.996,NA,0.739,------------,True,1.439,False
2022-06-22 11:19:09.4,0.914,2.004,True,712,2.616,NA,713,123.080,NA,0.826,------------,True,1.442,False
2022-06-22 11:19:09.6,0.914,2.004,True,712,2.529,NA,713,123.165,NA,0.913,------------,True,1.444,False
2022-06-22 11:19:09.8,0.914,2.004,True,712,2.442,NA,713,123.249,NA,1.000,------------,True,1.447,False
2022-06-22 11:19:10.0,0.914,2.004,True,712,2.354,NA,713,123.334,NA,1.087,------------,True,1.450,False
2022-06-22 11:19:10.2,0.914,2.004,True,712,2.268,NA,713,123.418,NA,1.175,------------,True,1.452,False
2022-06-22 11:19:10.4,1.283,2.391,True,712,2.159,NA,713,123.524,NA,1.565,------------,True,1.455,False
2022-06-22 11:19:10.6,1.283,2.391,True,712,2.050,NA,713,123.630,NA,1.675,------------,True,1.459,False
2022-06-22 11:19:10.8,2.057,3.182,True,712,1.898,NA,713,123.777,NA,2.404,------------,True,1.463,False
2022-06-22 11:19:11.0,2.057,3.182,True,712,1.746,NA,713,123.926,NA,2.557,------------,True,1.468,False
2022-06-22 11:19:11.2,2.426,3.568,True,712,1.571,NA,713,124.095,NA,3.014,------------,True,1.473,False
2022-06-22 11:19:11.4,2.057,3.182,True,712,1.419,NA,713,124.242,NA,2.884,------------,True,1.477,False
2022-06-22 11:19:11.6,2.426,3.568,True,712,1.245,NA,713,124.411,NA,3.340,------------,True,1.481,False
2022-06-22 11:19:11.8,2.426,3.568,True,712,1.071,NA,713,124.580,NA,3.514,------------,True,1.487,False
2022-06-22 11:19:12.0,2.426,3.568,True,712,0.897,NA,713,124.749,NA,3.688,------------,True,1.492,False
2022-06-22 11:19:12.2,2.812,3.955,True,712,0.701,NA,713,124.939,NA,4.167,------------,True,1.498,False
2022-06-22 11:19:12.4,2.426,3.568,True,712,0.527,NA,713,125.108,NA,4.058,------------,True,1.503,False
2022-06-22 11:19:12.6,2.426,3.568,True,712,0.354,NA,713,125.277,NA,4.232,------------,True,1.508,False
2022-06-22 11:19:12.8,2.812,3.955,True,712,0.157,NA,713,125.468,NA,4.711,------------,True,1.514,False
2022-06-22 11:19:13.0,2.426,3.568,True,711,65.753,NA,713,125.637,NA,4.603,------------,True,1.519,False
2022-06-22 11:19:13.2,2.812,3.955,True,711,65.558,NA,713,125.827,NA,5.080,------------,True,1.524,False
2022-06-22 11:19:13.4,2.812,3.955,True,711,65.361,NA,713,126.018,NA,5.276,------------,True,1.529,False
2022-06-22 11:19:13.6,2.812,3.955,True,711,65.166,NA,713,126.207,NA,5.472,------------,True,1.535,False
2022-06-22 11:19:13.8,2.812,3.955,True,711,64.970,NA,713,126.397,NA,5.668,------------,True,1.541,False
2022-06-22 11:19:14.0,2.812,3.955,True,711,64.774,NA,713,126.588,NA,5.863,------------,True,1.547,False
2022-06-22 11:19:14.2,2.812,3.955,True,711,64.578,NA,713,126.778,NA,6.060,------------,True,1.553,False
2022-06-22 11:19:14.4,2.812,3.955,True,711,64.383,NA,713,126.968,NA,6.256,------------,True,1.558,False
2022-06-22 11:19:14.6,2.812,3.955,True,711,64.187,NA,713,127.158,NA,6.451,------------,True,1.563,False
2022-06-22 11:19:14.8,3.199,4.359,True,711,63.969,NA,713,127.369,NA,6.964,------------,True,1.570,False
2022-06-22 11:19:15.0,3.199,4.359,True,711,63.751,NA,713,127.581,NA,7.182,------------,True,1.576,False
2022-06-22 11:19:15.2,3.199,4.359,True,711,63.534,NA,713,127.792,NA,7.399,------------,True,1.583,False
2022-06-22 11:19:15.4,3.199,4.359,True,711,63.316,NA,713,128.004,NA,7.617,------------,True,1.589,False
2022-06-22 11:19:15.6,3.199,4.359,True,711,63.099,NA,713,128.215,NA,7.835,------------,True,1.596,False
2022-06-22 11:19:15.8,3.568,4.746,True,711,62.859,NA,713,128.447,NA,8.356,------------,True,1.603,False
2022-06-22 11:19:16.0,3.199,4.359,True,711,62.642,NA,713,128.658,NA,8.292,------------,True,1.608,False
2022-06-22 11:19:16.2,3.568,4.746,True,711,62.402,NA,713,128.891,NA,8.813,------------,True,1.615,False
2022-06-22 11:19:16.4,3.955,5.133,True,711,62.142,NA,713,129.145,NA,9.357,------------,True,1.623,False
2022-06-22 11:19:16.6,3.568,4.746,True,711,61.901,NA,713,129.377,NA,9.313,------------,True,1.630,False
2022-06-22 11:19:16.8,3.955,5.133,True,711,61.641,NA,713,129.631,NA,9.857,------------,True,1.638,False
2022-06-22 11:19:17.0,3.955,5.133,True,711,61.380,NA,713,129.884,NA,10.118,------------,True,1.645,False
2022-06-22 11:19:17.2,4.342,5.520,True,711,61.097,NA,713,130.158,NA,10.684,------------,True,1.653,False
2022-06-22 11:19:17.4,3.955,5.133,True,711,60.836,NA,713,130.412,NA,10.662,------------,True,1.661,False
2022-06-22 11:19:17.6,4.342,5.520,True,711,60.553,NA,713,130.687,NA,11.228,------------,True,1.669,False
2022-06-22 11:19:17.8,4.342,5.520,True,711,60.270,NA,713,130.962,NA,11.511,------------,True,1.677,False
2022-06-22 11:19:18.0,4.711,5.924,True,711,59.965,NA,713,131.258,NA,12.111,------------,True,1.686,False
2022-06-22 11:19:18.2,4.342,5.520,True,711,59.683,NA,713,131.532,NA,12.099,------------,True,1.694,False
2022-06-22 11:19:18.4,4.711,5.924,True,711,59.378,NA,713,131.828,NA,12.698,------------,True,1.703,False
2022-06-22 11:19:18.6,4.711,5.924,True,711,59.073,NA,713,132.124,NA,13.003,------------,True,1.712,False
2022-06-22 11:19:18.8,5.098,6.311,True,711,58.747,NA,713,132.440,NA,13.612,------------,True,1.721,False
2022-06-22 11:19:19.0,4.711,5.924,True,711,58.442,NA,713,132.736,NA,13.634,------------,True,1.729,False
2022-06-22 11:19:19.2,5.098,6.311,True,711,58.116,NA,713,133.054,NA,14.243,------------,True,1.739,False
2022-06-22 11:19:19.4,5.098,6.311,True,711,57.789,NA,713,133.370,NA,14.569,------------,True,1.749,False
2022-06-22 11:19:19.6,5.467,6.697,True,711,57.441,NA,713,133.708,NA,15.200,------------,True,1.759,False
2022-06-22 11:19:19.8,5.098,6.311,True,711,57.115,NA,713,134.025,NA,15.244,------------,True,1.769,False
2022-06-22 11:19:20.0,5.467,6.697,True,711,56.767,NA,713,134.363,NA,15.875,------------,True,1.778,False
2022-06-22 11:19:20.2,5.467,6.697,True,711,56.419,NA,713,134.701,NA,16.223,------------,True,1.788,False
2022-06-22 11:19:20.4,5.854,7.084,True,711,56.049,NA,713,135.061,NA,16.875,------------,True,1.799,False
2022-06-22 11:19:20.6,5.467,6.697,True,711,55.700,NA,713,135.398,NA,16.940,------------,True,1.810,False
2022-06-22 11:19:20.8,5.854,7.084,True,711,55.331,NA,713,135.758,NA,17.593,------------,True,1.820,False
2022-06-22 11:19:21.0,5.854,7.084,True,711,54.961,NA,713,136.117,NA,17.963,------------,True,1.831,False
2022-06-22 11:19:21.2,5.854,7.084,True,711,54.591,NA,713,136.477,NA,18.333,------------,True,1.842,False
2022-06-22 11:19:21.4,5.854,7.084,True,711,54.221,NA,713,136.836,NA,18.703,------------,True,1.852,False
2022-06-22 11:19:21.6,5.854,7.084,True,711,53.851,NA,713,137.194,NA,19.073,------------,True,1.862,False
2022-06-22 11:19:21.8,5.854,7.084,True,711,53.481,NA,713,137.554,NA,19.442,------------,True,1.873,False
2022-06-22 11:19:22.0,5.854,7.084,True,711,53.111,NA,713,137.913,NA,19.813,------------,True,1.884,False
2022-06-22 11:19:22.2,5.854,7.084,True,711,52.741,NA,713,138.272,NA,20.183,------------,True,1.895,False
2022-06-22 11:19:22.4,5.854,7.084,True,711,52.371,NA,713,138.632,NA,20.553,------------,True,1.905,False
2022-06-22 11:19:22.6,5.854,7.084,True,711,52.002,NA,713,138.991,NA,20.922,------------,True,1.916,False
2022-06-22 11:19:22.8,5.854,7.084,True,711,51.632,NA,713,139.350,NA,21.292,------------,True,1.927,False
2022-06-22 11:19:23.0,5.854,7.084,True,711,51.262,NA,713,139.709,NA,21.662,------------,True,1.938,False
2022-06-22 11:19:23.2,5.854,7.084,True,711,50.892,NA,713,140.068,NA,22.032,------------,True,1.948,False
2022-06-22 11:19:23.4,5.854,7.084,True,711,50.521,NA,713,140.428,NA,22.402,------------,True,1.959,False
2022-06-22 11:19:23.6,5.854,7.084,True,711,50.152,NA,713,140.787,NA,22.771,------------,True,1.970,False
2022-06-22 11:19:23.8,5.467,6.697,True,711,49.804,NA,713,141.125,NA,22.838,------------,True,1.979,False
2022-06-22 11:19:24.0,5.854,7.084,True,711,49.434,NA,713,141.484,NA,23.490,------------,True,1.990,False
2022-06-22 11:19:24.2,5.854,7.084,True,711,49.064,NA,713,141.844,NA,23.859,------------,True,2.001,False
2022-06-22 11:19:24.4,5.854,7.084,True,711,48.694,NA,713,142.202,NA,24.229,------------,True,2.012,False
2022-06-22 11:19:24.6,5.467,6.697,True,711,48.346,NA,713,142.541,NA,24.295,------------,True,2.022,False
2022-06-22 11:19:24.8,5.854,7.084,True,711,47.976,NA,713,142.899,NA,24.947,------------,True,2.032,False
2022-06-22 11:19:25.0,5.854,7.084,True,711,47.606,NA,713,143.259,NA,25.317,------------,True,2.043,False
2022-06-22 11:19:25.2,5.467,6.697,True,711,47.258,NA,713,143.597,NA,25.383,------------,True,2.054,False
2022-06-22 11:19:25.4,5.854,7.084,True,711,46.888,NA,713,143.956,NA,26.036,------------,True,2.064,False
2022-06-22 11:19:25.6,5.467,6.697,True,711,46.540,NA,713,144.294,NA,26.102,------------,True,2.074,False
2022-06-22 11:19:25.8,5.854,7.084,True,711,46.170,NA,713,144.653,NA,26.754,------------,True,2.085,False
2022-06-22 11:19:26.0,5.467,6.697,True,711,45.822,NA,713,144.991,NA,26.819,------------,True,2.095,False
2022-06-22 11:19:26.2,5.467,6.697,True,711,45.474,NA,713,145.330,NA,27.167,------------,True,2.105,False
2022-06-22 11:19:26.4,5.854,7.084,True,711,45.104,NA,713,145.688,NA,27.820,------------,True,2.116,False
2022-06-22 11:19:26.6,5.467,6.697,True,711,44.756,NA,713,146.027,NA,27.886,------------,True,2.126,False
2022-06-22 11:19:26.8,5.467,6.697,True,711,44.407,NA,713,146.365,NA,28.233,------------,True,2.136,False
2022-06-22 11:19:27.0,5.467,6.697,True,711,44.060,NA,713,146.703,NA,28.582,------------,True,2.146,False
2022-06-22 11:19:27.2,5.467,6.697,True,711,43.711,NA,713,147.041,NA,28.930,------------,True,2.156,False
2022-06-22 11:19:27.4,5.467,6.697,True,711,43.363,NA,713,147.379,NA,29.278,------------,True,2.166,False
2022-06-22 11:19:27.6,5.467,6.697,True,711,43.015,NA,713,147.718,NA,29.626,------------,True,2.176,False
2022-06-22 11:19:27.8,5.098,6.311,True,711,42.688,NA,713,148.034,NA,29.670,------------,True,2.186,False
2022-06-22 11:19:28.0,5.467,6.697,True,711,42.341,NA,713,148.372,NA,30.301,------------,True,2.195,False
2022-06-22 11:19:28.2,5.467,6.697,True,711,41.992,NA,713,148.711,NA,30.648,------------,True,2.206,False
2022-06-22 11:19:28.4,5.098,6.311,True,711,41.666,NA,713,149.027,NA,30.692,------------,True,2.215,False
2022-06-22 11:19:28.6,5.467,6.697,True,711,41.317,NA,713,149.365,NA,31.323,------------,True,2.226,False
2022-06-22 11:19:28.8,5.467,6.697,True,711,40.970,NA,712,0.054,NA,31.672,------------,True,2.235,False
2022-06-22 11:19:29.0,5.467,6.697,True,711,40.621,NA,712,0.392,NA,32.020,------------,True,2.245,False
2022-06-22 11:19:29.2,5.467,6.697,True,711,40.273,NA,712,0.729,NA,32.368,------------,True,2.256,False
2022-06-22 11:19:29.4,5.467,6.697,True,711,39.925,NA,712,1.067,NA,32.716,------------,True,2.266,False
2022-06-22 11:19:29.6,5.098,6.311,True,711,39.599,NA,712,1.385,NA,32.760,------------,True,2.275,False
2022-06-22 11:19:29.8,5.467,6.697,True,711,39.251,NA,712,1.723,NA,33.391,------------,True,2.285,False
2022-06-22 11:19:30.0,5.098,6.311,True,711,38.924,NA,712,2.040,NA,33.435,------------,True,2.295,False
2022-06-22 11:19:30.2,5.467,6.697,True,711,38.576,NA,712,2.378,NA,34.065,------------,True,2.305,False
2022-06-22 11:19:30.4,5.098,6.311,True,711,38.250,NA,712,2.694,NA,34.109,------------,True,2.314,False
2022-06-22 11:19:30.6,5.467,6.697,True,711,37.901,NA,712,3.033,NA,34.739,------------,True,2.324,False
2022-06-22 11:19:30.8,5.098,6.311,True,711,37.575,NA,712,3.350,NA,34.783,------------,True,2.334,False
2022-06-22 11:19:31.0,5.467,6.697,True,711,37.228,NA,712,3.688,NA,35.414,------------,True,2.344,False
2022-06-22 11:19:31.2,5.098,6.311,True,711,36.900,NA,712,4.005,NA,35.458,------------,True,2.354,False
2022-06-22 11:19:31.4,5.467,6.697,True,711,36.553,NA,712,4.343,NA,36.089,------------,True,2.363,False
2022-06-22 11:19:31.6,5.467,6.697,True,711,36.204,NA,712,4.681,NA,36.437,------------,True,2.373,False
2022-06-22 11:19:31.8,5.098,6.311,True,711,35.878,NA,712,4.998,NA,36.480,------------,True,2.383,False
2022-06-22 11:19:32.0,5.467,6.697,True,711,35.530,NA,712,5.336,NA,37.111,------------,True,2.393,False
2022-06-22 11:19:32.2,5.467,6.697,True,711,35.182,NA,712,5.674,NA,37.460,------------,True,2.402,False
2022-06-22 11:19:32.4,5.098,6.311,True,711,34.855,NA,712,5.991,NA,37.503,------------,True,2.412,False
2022-06-22 11:19:32.6,5.467,6.697,True,711,34.507,NA,712,6.329,NA,38.134,------------,True,2.422,False
2022-06-22 11:19:32.8,5.098,6.311,True,711,34.181,NA,712,6.646,NA,38.178,------------,True,2.432,False
2022-06-22 11:19:33.0,5.098,6.311,True,711,33.854,NA,712,6.963,NA,38.504,------------,True,2.441,False
2022-06-22 11:19:33.2,5.467,6.697,True,711,33.506,NA,712,7.301,NA,39.135,------------,True,2.451,False
2022-06-22 11:19:33.4,5.098,6.311,True,711,33.180,NA,712,7.618,NA,39.179,------------,True,2.461,False
2022-06-22 11:19:33.6,5.098,6.311,True,711,32.854,NA,712,7.935,NA,39.505,------------,True,2.470,False
2022-06-22 11:19:33.8,5.098,6.311,True,711,32.527,NA,712,8.252,NA,39.832,------------,True,2.479,False
2022-06-22 11:19:34.0,5.098,6.311,True,711,32.201,NA,712,8.568,NA,40.158,------------,True,2.489,False
2022-06-22 11:19:34.2,5.098,6.311,True,711,31.874,NA,712,8.886,NA,40.484,------------,True,2.498,False
2022-06-22 11:19:34.4,5.098,6.311,True,711,31.548,NA,712,9.203,NA,40.811,------------,True,2.508,False
2022-06-22 11:19:34.6,5.098,6.311,True,711,31.222,NA,712,9.520,NA,41.137,------------,True,2.518,False
2022-06-22 11:19:34.8,5.098,6.311,True,711,30.896,NA,712,9.837,NA,41.464,------------,True,2.526,False
2022-06-22 11:19:35.0,5.098,6.311,True,711,30.568,NA,712,10.153,NA,41.790,------------,True,2.536,False
2022-06-22 11:19:35.2,5.098,6.311,True,711,30.242,NA,712,10.471,NA,42.116,------------,True,2.546,False
2022-06-22 11:19:35.4,4.711,5.924,True,711,29.938,NA,712,10.767,NA,42.139,------------,True,2.555,False
2022-06-22 11:19:35.6,5.098,6.311,True,711,29.611,NA,712,11.083,NA,42.747,------------,True,2.563,False
2022-06-22 11:19:35.8,4.711,5.924,True,711,29.307,NA,712,11.379,NA,42.770,------------,True,2.572,False
2022-06-22 11:19:36.0,5.098,6.311,True,711,28.980,NA,712,11.696,NA,43.378,------------,True,2.582,False
2022-06-22 11:19:36.2,4.711,5.924,True,711,28.676,NA,712,11.992,NA,43.400,------------,True,2.591,False
2022-06-22 11:19:36.4,5.098,6.311,True,711,28.350,NA,712,12.309,NA,44.010,------------,True,2.601,False
2022-06-22 11:19:36.6,4.711,5.924,True,711,28.045,NA,712,12.604,NA,44.031,------------,True,2.609,False
2022-06-22 11:19:36.8,4.711,5.924,True,711,27.740,NA,712,12.900,NA,44.336,------------,True,2.618,False
2022-06-22 11:19:37.0,4.711,5.924,True,711,27.436,NA,712,13.196,NA,44.641,------------,True,2.627,False
2022-06-22 11:19:37.2,4.711,5.924,True,711,27.131,NA,712,13.492,NA,44.945,------------,True,2.636,False
2022-06-22 11:19:37.4,4.342,5.520,True,711,26.848,NA,712,13.767,NA,44.933,------------,True,2.644,False
2022-06-22 11:19:37.6,4.711,5.924,True,711,26.543,NA,712,14.062,NA,45.533,------------,True,2.652,False
2022-06-22 11:19:37.8,4.342,5.520,True,711,26.261,NA,712,14.337,NA,45.521,------------,True,2.661,False
2022-06-22 11:19:38.0,4.711,5.924,True,711,25.956,NA,712,14.633,NA,46.120,------------,True,2.670,False
2022-06-22 11:19:38.2,5.098,6.311,True,711,25.630,NA,712,14.950,NA,46.729,------------,True,2.679,False
2022-06-22 11:19:38.4,4.711,5.924,True,711,25.325,NA,712,15.246,NA,46.751,------------,True,2.688,False
2022-06-22 11:19:38.6,4.711,5.924,True,711,25.021,NA,712,15.542,NA,47.056,------------,True,2.696,False
2022-06-22 11:19:38.8,4.711,5.924,True,711,24.716,NA,712,15.837,NA,47.360,------------,True,2.705,False
2022-06-22 11:19:39.0,4.711,5.924,True,711,24.411,NA,712,16.133,NA,47.665,------------,True,2.714,False
2022-06-22 11:19:39.2,4.711,5.924,True,711,24.106,NA,712,16.429,NA,47.970,------------,True,2.724,False
2022-06-22 11:19:39.4,4.711,5.924,True,711,23.802,NA,712,16.725,NA,48.274,------------,True,2.732,False
2022-06-22 11:19:39.6,4.711,5.924,True,711,23.497,NA,712,17.021,NA,48.579,------------,True,2.741,False
2022-06-22 11:19:39.8,5.098,6.311,True,711,23.171,NA,712,17.338,NA,49.188,------------,True,2.750,False
2022-06-22 11:19:40.0,4.711,5.924,True,711,22.866,NA,712,17.634,NA,49.210,------------,True,2.759,False
2022-06-22 11:19:40.2,4.711,5.924,True,711,22.562,NA,712,17.929,NA,49.515,------------,True,2.768,False
2022-06-22 11:19:40.4,4.711,5.924,True,711,22.257,NA,712,18.225,NA,49.819,------------,True,2.776,False
2022-06-22 11:19:40.6,4.711,5.924,True,711,21.952,NA,712,18.521,NA,50.124,------------,True,2.785,False
2022-06-22 11:19:40.8,4.711,5.924,True,711,21.647,NA,712,18.816,NA,50.429,------------,True,2.794,False
2022-06-22 11:19:41.0,4.711,5.924,True,711,21.343,NA,712,19.112,NA,50.733,------------,True,2.803,False
2022-06-22 11:19:41.2,4.711,5.924,True,711,21.038,NA,712,19.408,NA,51.038,------------,True,2.812,False
2022-06-22 11:19:41.4,4.342,5.520,True,711,21.528,NA,712,20.783,NA,50.252,------------,True,0.947,False
2022-06-22 11:19:41.6,4.342,5.520,True,711,21.245,NA,712,21.058,NA,50.535,------------,True,0.955,False
2022-06-22 11:19:41.8,4.342,5.520,True,711,20.963,NA,712,21.332,NA,50.818,------------,True,0.964,False
2022-06-22 11:19:42.0,4.342,5.520,True,711,20.680,NA,712,21.607,NA,51.101,------------,True,0.972,False
2022-06-22 11:19:42.2,3.955,5.133,True,711,20.419,NA,712,21.860,NA,51.079,------------,True,0.979,False
2022-06-22 11:19:42.4,4.342,5.520,True,711,20.136,NA,712,22.136,NA,51.645,------------,True,0.987,False
2022-06-22 11:19:42.6,4.342,5.520,True,711,19.853,NA,712,22.410,NA,51.928,------------,True,0.995,False
2022-06-22 11:19:42.8,4.342,5.520,True,711,19.570,NA,712,22.685,NA,52.211,------------,True,1.004,False
2022-06-22 11:19:43.0,4.342,5.520,True,711,19.287,NA,712,22.959,NA,52.493,------------,True,1.012,False
2022-06-22 11:19:43.2,4.342,5.520,True,711,19.004,NA,712,23.234,NA,52.776,------------,True,1.021,False
2022-06-22 11:19:43.4,4.342,5.520,True,711,18.722,NA,712,23.509,NA,53.060,------------,True,1.028,False
2022-06-22 11:19:43.6,4.342,5.520,True,711,18.438,NA,712,23.783,NA,53.342,------------,True,1.036,False
2022-06-22 11:19:43.8,4.342,5.520,True,711,18.155,NA,712,24.059,NA,53.625,------------,True,1.045,False
2022-06-22 11:19:44.0,4.342,5.520,True,711,17.873,NA,712,24.333,NA,53.908,------------,True,1.053,False
2022-06-22 11:19:44.2,4.342,5.520,True,711,17.590,NA,712,24.607,NA,54.190,------------,True,1.061,False
2022-06-22 11:19:44.4,4.342,5.520,True,711,17.308,NA,712,24.882,NA,54.474,------------,True,1.069,False
2022-06-22 11:19:44.6,4.342,5.520,True,711,17.024,NA,712,25.157,NA,54.757,------------,True,1.077,False
2022-06-22 11:19:44.8,4.342,5.520,True,711,16.741,NA,712,25.432,NA,55.039,------------,True,1.086,False
2022-06-22 11:19:45.0,4.342,5.520,True,711,16.459,NA,712,25.706,NA,55.322,------------,True,1.094,False
2022-06-22 11:19:45.2,4.711,5.924,True,711,16.154,NA,712,26.002,NA,55.922,------------,True,1.103,False
2022-06-22 11:19:45.4,4.342,5.520,True,711,15.871,NA,712,26.276,NA,55.910,------------,True,1.110,False
2022-06-22 11:19:45.6,4.711,5.924,True,711,15.566,NA,712,26.572,NA,56.510,------------,True,1.119,False
2022-06-22 11:19:45.8,4.342,5.520,True,711,15.283,NA,712,26.848,NA,56.497,------------,True,1.128,False
2022-06-22 11:19:46.0,4.342,5.520,True,711,15.001,NA,712,27.122,NA,56.780,------------,True,1.136,False
2022-06-22 11:19:46.2,4.342,5.520,True,711,14.718,NA,712,27.396,NA,57.063,------------,True,1.145,False
2022-06-22 11:19:46.4,4.342,5.520,True,711,14.435,NA,712,27.671,NA,57.346,------------,True,1.152,False
2022-06-22 11:19:46.6,4.711,5.924,True,711,14.130,NA,712,27.967,NA,57.946,------------,True,1.161,False
2022-06-22 11:19:46.8,4.342,5.520,True,711,13.848,NA,712,28.242,NA,57.934,------------,True,1.169,False
2022-06-22 11:19:47.0,4.342,5.520,True,711,13.564,NA,712,28.517,NA,58.216,------------,True,1.178,False
2022-06-22 11:19:47.2,4.342,5.520,True,711,13.281,NA,712,28.791,NA,58.499,------------,True,1.186,False
2022-06-22 11:19:47.4,3.955,5.133,True,711,13.021,NA,712,29.045,NA,58.478,------------,True,1.193,False
2022-06-22 11:19:47.6,4.342,5.520,True,711,12.737,NA,712,29.319,NA,59.043,------------,True,1.201,False
2022-06-22 11:19:47.8,3.955,5.133,True,711,12.477,NA,712,29.573,NA,59.021,------------,True,1.209,False
2022-06-22 11:19:48.0,4.342,5.520,True,711,12.193,NA,712,29.848,NA,59.587,------------,True,1.217,False
2022-06-22 11:19:48.2,3.955,5.133,True,711,11.933,NA,712,30.102,NA,59.565,------------,True,1.225,False
2022-06-22 11:19:48.4,3.955,5.133,True,711,11.672,NA,712,30.354,NA,59.826,------------,True,1.232,False
2022-06-22 11:19:48.6,4.342,5.520,True,711,11.389,NA,712,30.630,NA,60.392,------------,True,1.240,False
2022-06-22 11:19:48.8,3.955,5.133,True,711,11.128,NA,712,30.883,NA,60.371,------------,True,1.248,False
2022-06-22 11:19:49.0,3.955,5.133,True,711,10.866,NA,712,31.137,NA,60.632,------------,True,1.256,False
2022-06-22 11:19:49.2,4.342,5.520,True,711,10.584,NA,712,31.411,NA,61.197,------------,True,1.264,False
2022-06-22 11:19:49.4,4.711,5.924,True,711,10.279,NA,712,31.707,NA,61.797,------------,True,1.272,False
2022-06-22 11:19:49.6,4.342,5.520,True,711,9.996,NA,712,31.981,NA,61.784,------------,True,1.280,False
2022-06-22 11:19:49.8,4.711,5.924,True,711,9.691,NA,712,32.277,NA,62.385,------------,True,1.289,False
2022-06-22 11:19:50.0,4.342,5.520,True,711,9.408,NA,712,32.553,NA,62.372,------------,True,1.298,False
2022-06-22 11:19:50.2,4.342,5.520,True,711,9.126,NA,712,32.827,NA,62.655,------------,True,1.306,False
2022-06-22 11:19:50.4,4.342,5.520,True,711,8.843,NA,712,33.102,NA,62.938,------------,True,1.314,False
2022-06-22 11:19:50.6,4.342,5.520,True,711,8.560,NA,712,33.376,NA,63.221,------------,True,1.322,False
2022-06-22 11:19:50.8,4.342,5.520,True,711,8.277,NA,712,33.651,NA,63.504,------------,True,1.330,False
2022-06-22 11:19:51.0,4.342,5.520,True,711,7.994,NA,712,33.926,NA,63.786,------------,True,1.339,False
2022-06-22 11:19:51.2,4.342,5.520,True,711,7.711,NA,712,34.200,NA,64.069,------------,True,1.347,False
2022-06-22 11:19:51.4,3.955,5.133,True,711,7.450,NA,712,34.454,NA,64.048,------------,True,1.354,False
2022-06-22 11:19:51.6,4.342,5.520,True,711,7.167,NA,712,34.729,NA,64.613,------------,True,1.362,False
2022-06-22 11:19:51.8,3.955,5.133,True,711,6.906,NA,712,34.982,NA,64.592,------------,True,1.370,False
2022-06-22 11:19:52.0,3.955,5.133,True,711,6.646,NA,712,35.235,NA,64.853,------------,True,1.378,False
2022-06-22 11:19:52.2,4.342,5.520,True,711,6.362,NA,712,35.511,NA,65.418,------------,True,1.386,False
2022-06-22 11:19:52.4,3.955,5.133,True,711,6.102,NA,712,35.764,NA,65.396,------------,True,1.394,False
2022-06-22 11:19:52.6,3.955,5.133,True,711,5.840,NA,712,36.018,NA,65.658,------------,True,1.401,False
2022-06-22 11:19:52.8,3.955,5.133,True,711,5.579,NA,712,36.271,NA,0.149,------------,True,1.408,False
2022-06-22 11:19:53.0,3.955,5.133,True,711,5.318,NA,712,36.524,NA,0.410,------------,True,1.416,False
2022-06-22 11:19:53.2,3.955,5.133,True,711,5.057,NA,712,36.778,NA,0.672,------------,True,1.424,False
2022-06-22 11:19:53.4,3.955,5.133,True,711,4.796,NA,712,37.031,NA,0.933,------------,True,1.431,False
2022-06-22 11:19:53.6,3.955,5.133,True,711,4.534,NA,712,37.285,NA,1.193,------------,True,1.438,False
2022-06-22 11:19:53.8,3.955,5.133,True,711,4.273,NA,712,37.539,NA,1.455,------------,True,1.446,False
2022-06-22 11:19:54.0,3.955,5.133,True,711,4.013,NA,712,37.792,NA,1.716,------------,True,1.454,False
2022-06-22 11:19:54.2,3.955,5.133,True,711,3.751,NA,712,38.046,NA,1.977,------------,True,1.461,False
2022-06-22 11:19:54.4,3.955,5.133,True,711,3.490,NA,712,38.300,NA,2.238,------------,True,1.469,False
2022-06-22 11:19:54.6,3.955,5.133,True,711,3.229,NA,712,38.553,NA,2.499,------------,True,1.477,False
2022-06-22 11:19:54.8,3.955,5.133,True,711,2.968,NA,712,38.807,NA,2.761,------------,True,1.484,False
2022-06-22 11:19:55.0,3.955,5.133,True,711,2.707,NA,712,39.061,NA,3.021,------------,True,1.491,False
2022-06-22 11:19:55.2,4.342,5.520,True,711,2.641,NA,712,39.650,NA,3.370,------------,True,0.968,False
2022-06-22 11:19:55.4,3.955,5.133,True,711,2.379,NA,712,39.904,NA,3.350,------------,True,0.976,False
2022-06-22 11:19:55.6,3.955,5.133,True,711,2.118,NA,712,40.158,NA,3.610,------------,True,0.982,False
2022-06-22 11:19:55.8,4.342,5.520,True,711,1.835,NA,712,40.433,NA,4.176,------------,True,0.991,False
2022-06-22 11:19:56.0,4.342,5.520,True,711,1.552,NA,712,40.707,NA,4.459,------------,True,0.999,False
2022-06-22 11:19:56.2,3.955,5.133,True,711,1.291,NA,712,40.961,NA,4.438,------------,True,1.007,False
2022-06-22 11:19:56.4,4.342,5.520,True,711,1.008,NA,712,41.235,NA,5.003,------------,True,1.015,False
2022-06-22 11:19:56.6,4.342,5.520,True,711,0.726,NA,712,41.510,NA,5.285,------------,True,1.023,False
2022-06-22 11:19:56.8,4.342,5.520,True,711,0.442,NA,712,41.785,NA,5.568,------------,True,1.031,False
2022-06-22 11:19:57.0,4.342,5.520,True,711,0.159,NA,712,42.060,NA,5.852,------------,True,1.039,False
2022-06-22 11:19:57.2,4.342,5.520,True,710,161.087,NA,712,42.334,NA,6.336,------------,True,1.048,False
2022-06-22 11:19:57.4,4.711,5.924,True,710,160.782,NA,712,42.630,NA,6.936,------------,True,1.057,False
2022-06-22 11:19:57.6,4.711,5.924,True,710,160.478,NA,712,42.926,NA,7.240,------------,True,1.065,False
2022-06-22 11:19:57.8,4.711,5.924,True,710,160.173,NA,712,43.222,NA,7.545,------------,True,1.074,False
2022-06-22 11:19:58.0,5.098,6.311,True,710,159.847,NA,712,43.539,NA,8.154,------------,True,1.083,False
2022-06-22 11:19:58.2,4.711,5.924,True,710,159.542,NA,712,43.834,NA,8.176,------------,True,1.092,False
2022-06-22 11:19:58.4,5.098,6.311,True,710,159.216,NA,712,44.151,NA,8.785,------------,True,1.102,False
2022-06-22 11:19:58.6,5.467,6.697,True,710,158.867,NA,712,44.489,NA,9.416,------------,True,1.111,False
2022-06-22 11:19:58.8,5.098,6.311,True,710,158.541,NA,712,44.807,NA,9.459,------------,True,1.121,False
2022-06-22 11:19:59.0,5.467,6.697,True,710,158.192,NA,712,45.145,NA,10.090,------------,True,1.131,False
2022-06-22 11:19:59.2,5.098,6.311,True,710,157.866,NA,712,45.462,NA,10.134,------------,True,1.141,False
2022-06-22 11:19:59.4,5.467,6.697,True,710,157.519,NA,712,45.800,NA,10.765,------------,True,1.150,False
2022-06-22 11:19:59.6,5.098,6.311,True,710,157.192,NA,712,46.116,NA,10.809,------------,True,1.160,False
2022-06-22 11:19:59.8,5.098,6.311,True,710,156.865,NA,712,46.434,NA,11.135,------------,True,1.170,False
2022-06-22 11:20:00.0,5.467,6.697,True,710,156.518,NA,712,46.771,NA,11.766,------------,True,1.180,False
2022-06-22 11:20:00.2,5.098,6.311,True,710,156.191,NA,712,47.089,NA,11.810,------------,True,1.189,False
2022-06-22 11:20:00.4,5.098,6.311,True,710,155.864,NA,712,47.405,NA,12.136,------------,True,1.198,False
2022-06-22 11:20:00.6,5.467,6.697,True,710,155.517,NA,712,47.743,NA,12.767,------------,True,1.209,False
2022-06-22 11:20:00.8,5.854,7.084,True,710,155.146,NA,712,48.103,NA,13.419,------------,True,1.220,False
2022-06-22 11:20:01.0,5.854,7.084,True,710,154.776,NA,712,48.462,NA,13.789,------------,True,1.230,False
2022-06-22 11:20:01.2,5.467,6.697,True,710,154.538,NA,712,48.970,NA,13.745,------------,True,0.961,False
2022-06-22 11:20:01.4,5.854,7.084,True,710,154.168,NA,712,49.329,NA,14.397,------------,True,0.972,False
2022-06-22 11:20:01.6,5.854,7.084,True,710,153.798,NA,712,49.688,NA,14.768,------------,True,0.982,False
2022-06-22 11:20:01.8,5.854,7.084,True,710,153.428,NA,712,50.047,NA,15.138,------------,True,0.993,False
2022-06-22 11:20:02.0,5.854,7.084,True,710,153.059,NA,712,50.406,NA,15.507,------------,True,1.004,False
2022-06-22 11:20:02.2,5.854,7.084,True,710,152.688,NA,712,50.766,NA,15.877,------------,True,1.015,False
2022-06-22 11:20:02.4,5.467,6.697,True,710,152.340,NA,712,51.104,NA,15.942,------------,True,1.024,False
2022-06-22 11:20:02.6,6.240,7.488,True,710,151.948,NA,712,51.484,NA,16.912,------------,True,1.036,False
2022-06-22 11:20:02.8,5.854,7.084,True,710,151.578,NA,712,51.843,NA,16.987,------------,True,1.047,False
2022-06-22 11:20:03.0,6.240,7.488,True,710,151.187,NA,712,52.224,NA,17.674,------------,True,1.059,False
2022-06-22 11:20:03.2,5.854,7.084,True,710,150.817,NA,712,52.583,NA,17.748,------------,True,1.069,False
2022-06-22 11:20:03.4,6.240,7.488,True,710,150.426,NA,712,52.963,NA,18.436,------------,True,1.080,False
2022-06-22 11:20:03.6,6.240,7.488,True,710,150.033,NA,712,53.344,NA,18.827,------------,True,1.092,False
2022-06-22 11:20:03.8,5.854,7.084,True,710,149.664,NA,712,53.702,NA,18.901,------------,True,1.103,False
2022-06-22 11:20:04.0,6.240,7.488,True,710,149.272,NA,712,54.083,NA,19.589,------------,True,1.113,False
2022-06-22 11:20:04.2,6.240,7.488,True,710,148.881,NA,712,54.463,NA,19.980,------------,True,1.125,False
2022-06-22 11:20:04.4,6.240,7.488,True,710,148.488,NA,712,54.844,NA,20.372,------------,True,1.137,False
2022-06-22 11:20:04.6,6.609,7.875,True,710,148.075,NA,712,55.245,NA,21.068,------------,True,1.148,False
2022-06-22 11:20:04.8,6.240,7.488,True,710,147.684,NA,712,55.625,NA,21.177,------------,True,1.159,False
2022-06-22 11:20:05.0,6.240,7.488,True,710,147.292,NA,712,56.006,NA,21.568,------------,True,1.171,False
2022-06-22 11:20:05.2,6.240,7.488,True,710,146.900,NA,712,56.386,NA,21.961,------------,True,1.183,False
2022-06-22 11:20:05.4,6.609,7.875,True,710,146.487,NA,712,56.787,NA,22.656,------------,True,1.194,False
2022-06-22 11:20:05.6,6.240,7.488,True,710,146.096,NA,712,57.168,NA,22.766,------------,True,1.205,False
2022-06-22 11:20:05.8,6.609,7.875,True,710,145.682,NA,712,57.569,NA,23.462,------------,True,1.218,False
2022-06-22 11:20:06.0,6.609,7.875,True,710,145.269,NA,712,57.971,NA,23.875,------------,True,1.229,False
2022-06-22 11:20:06.2,6.609,7.875,True,710,144.855,NA,712,58.372,NA,24.288,------------,True,1.241,False
2022-06-22 11:20:06.4,6.240,7.488,True,710,144.463,NA,712,58.753,NA,24.397,------------,True,1.253,False
2022-06-22 11:20:06.6,6.609,7.875,True,710,144.050,NA,712,59.154,NA,25.094,------------,True,1.265,False
2022-06-22 11:20:06.8,6.240,7.488,True,710,143.658,NA,712,59.534,NA,25.202,------------,True,1.276,False
2022-06-22 11:20:07.0,6.609,7.875,True,710,143.245,NA,712,59.936,NA,25.898,------------,True,1.288,False
2022-06-22 11:20:07.2,6.240,7.488,True,710,142.854,NA,712,60.316,NA,26.008,------------,True,1.299,False
2022-06-22 11:20:07.4,6.609,7.875,True,710,142.439,NA,712,60.718,NA,26.704,------------,True,1.312,False
2022-06-22 11:20:07.6,6.240,7.488,True,710,142.048,NA,712,61.098,NA,26.813,------------,True,1.322,False
2022-06-22 11:20:07.8,6.240,7.488,True,710,141.656,NA,712,61.479,NA,27.204,------------,True,1.334,False
2022-06-22 11:20:08.0,6.240,7.488,True,710,141.265,NA,712,61.858,NA,27.596,------------,True,1.346,False
2022-06-22 11:20:08.2,6.240,7.488,True,710,140.873,NA,712,62.239,NA,27.987,------------,True,1.356,False
2022-06-22 11:20:08.4,6.240,7.488,True,710,140.481,NA,712,62.619,NA,28.379,------------,True,1.368,False
2022-06-22 11:20:08.6,5.854,7.084,True,710,140.111,NA,712,62.979,NA,28.454,------------,True,1.379,False
2022-06-22 11:20:08.8,5.854,7.084,True,710,139.741,NA,712,63.338,NA,28.824,------------,True,1.390,False
2022-06-22 11:20:09.0,6.240,7.488,True,710,139.350,NA,712,63.718,NA,29.511,------------,True,1.400,False
2022-06-22 11:20:09.2,5.854,7.084,True,710,138.980,NA,712,64.077,NA,29.585,------------,True,1.411,False
2022-06-22 11:20:09.4,5.854,7.084,True,710,138.610,NA,712,64.437,NA,29.955,------------,True,1.422,False
2022-06-22 11:20:09.6,5.854,7.084,True,710,138.240,NA,712,64.796,NA,30.325,------------,True,1.433,False
2022-06-22 11:20:09.8,5.467,6.697,True,710,137.893,NA,712,65.134,NA,30.391,------------,True,1.442,False
2022-06-22 11:20:10.0,5.854,7.084,True,710,137.522,NA,712,65.493,NA,31.043,------------,True,1.453,False
2022-06-22 11:20:10.2,5.854,7.084,True,710,137.152,NA,712,65.853,NA,31.413,------------,True,1.464,False
2022-06-22 11:20:10.4,5.467,6.697,True,710,136.804,NA,712,66.190,NA,31.479,------------,True,1.475,False
2022-06-22 11:20:10.6,5.467,6.697,True,710,136.456,NA,712,66.528,NA,31.827,------------,True,1.484,False
2022-06-22 11:20:10.8,5.467,6.697,True,710,136.107,NA,712,66.866,NA,32.175,------------,True,1.494,False
2022-06-22 11:20:11.0,5.467,6.697,True,710,135.760,NA,712,67.204,NA,32.523,------------,True,1.505,False
2022-06-22 11:20:11.2,5.467,6.697,True,710,135.411,NA,712,67.542,NA,32.871,------------,True,1.515,False
2022-06-22 11:20:11.4,5.098,6.311,True,710,135.085,NA,712,67.859,NA,32.915,------------,True,1.524,False
2022-06-22 11:20:11.6,5.467,6.697,True,710,134.737,NA,712,68.197,NA,33.546,------------,True,1.534,False
2022-06-22 11:20:11.8,5.098,6.311,True,710,134.411,NA,712,68.515,NA,33.590,------------,True,1.544,False
2022-06-22 11:20:12.0,5.467,6.697,True,710,134.062,NA,712,68.853,NA,34.221,------------,True,1.554,False
2022-06-22 11:20:12.2,5.098,6.311,True,710,133.736,NA,712,69.169,NA,34.265,------------,True,1.563,False
2022-06-22 11:20:12.4,5.098,6.311,True,710,133.410,NA,712,69.486,NA,34.591,------------,True,1.572,False
2022-06-22 11:20:12.6,4.711,5.924,True,710,133.105,NA,712,69.782,NA,34.612,------------,True,1.581,False
2022-06-22 11:20:12.8,5.098,6.311,True,710,132.778,NA,712,70.099,NA,35.222,------------,True,1.591,False
2022-06-22 11:20:13.0,5.098,6.311,True,710,132.452,NA,712,70.416,NA,35.548,------------,True,1.601,False
2022-06-22 11:20:13.2,4.711,5.924,True,710,132.147,NA,712,70.712,NA,35.570,------------,True,1.609,False
2022-06-22 11:20:13.4,5.098,6.311,True,710,131.821,NA,712,71.029,NA,36.179,------------,True,1.618,False
2022-06-22 11:20:13.6,4.711,5.924,True,710,131.517,NA,712,71.324,NA,36.201,------------,True,1.627,False
2022-06-22 11:20:13.8,4.711,5.924,True,710,131.212,NA,712,71.620,NA,36.506,------------,True,1.636,False
2022-06-22 11:20:14.0,5.098,6.311,True,710,130.886,NA,712,71.938,NA,37.114,------------,True,1.646,False
2022-06-22 11:20:14.2,4.711,5.924,True,710,130.581,NA,712,72.233,NA,37.137,------------,True,1.654,False
2022-06-22 11:20:14.4,5.098,6.311,True,710,130.554,NA,712,72.948,NA,37.446,------------,True,0.967,False
2022-06-22 11:20:14.6,4.711,5.924,True,710,130.249,NA,712,73.244,NA,37.469,------------,True,0.976,False
2022-06-22 11:20:14.8,5.098,6.311,True,710,129.923,NA,712,73.562,NA,38.078,------------,True,0.984,False
2022-06-22 11:20:15.0,4.711,5.924,True,710,129.618,NA,712,73.857,NA,38.100,------------,True,0.993,False
2022-06-22 11:20:15.2,5.098,6.311,True,710,129.292,NA,712,74.174,NA,38.709,------------,True,1.003,False
2022-06-22 11:20:15.4,5.098,6.311,True,710,128.965,NA,712,74.491,NA,39.035,------------,True,1.013,False
2022-06-22 11:20:15.6,4.711,5.924,True,710,128.661,NA,712,74.787,NA,39.058,------------,True,1.021,False
2022-06-22 11:20:15.8,5.098,6.311,True,710,128.334,NA,712,75.104,NA,39.666,------------,True,1.030,False
2022-06-22 11:20:16.0,5.098,6.311,True,710,128.008,NA,712,75.421,NA,39.992,------------,True,1.040,False
2022-06-22 11:20:16.2,4.711,5.924,True,710,127.703,NA,712,75.717,NA,40.015,------------,True,1.049,False
2022-06-22 11:20:16.4,5.098,6.311,True,710,127.377,NA,712,76.033,NA,40.623,------------,True,1.059,False
2022-06-22 11:20:16.6,5.098,6.311,True,710,127.051,NA,712,76.351,NA,40.950,------------,True,1.067,False
2022-06-22 11:20:16.8,5.098,6.311,True,710,126.724,NA,712,76.667,NA,41.276,------------,True,1.077,False
2022-06-22 11:20:17.0,5.098,6.311,True,710,126.397,NA,712,76.984,NA,41.603,------------,True,1.087,False
2022-06-22 11:20:17.2,5.098,6.311,True,710,126.071,NA,712,77.301,NA,41.929,------------,True,1.096,False
2022-06-22 11:20:17.4,5.098,6.311,True,710,125.745,NA,712,77.618,NA,42.256,------------,True,1.105,False
2022-06-22 11:20:17.6,5.098,6.311,True,710,125.419,NA,712,77.936,NA,42.582,------------,True,1.115,False
2022-06-22 11:20:17.8,5.098,6.311,True,710,125.092,NA,712,78.252,NA,42.908,------------,True,1.124,False
2022-06-22 11:20:18.0,5.098,6.311,True,710,124.766,NA,712,78.569,NA,43.234,------------,True,1.134,False
2022-06-22 11:20:18.2,5.098,6.311,True,710,124.439,NA,712,78.886,NA,43.561,------------,True,1.144,False
2022-06-22 11:20:18.4,5.098,6.311,True,710,124.113,NA,712,79.203,NA,43.888,------------,True,1.152,False
2022-06-22 11:20:18.6,5.098,6.311,True,710,123.787,NA,712,79.520,NA,44.214,------------,True,1.162,False
2022-06-22 11:20:18.8,5.467,6.697,True,710,123.438,NA,712,79.858,NA,44.845,------------,True,1.172,False
2022-06-22 11:20:19.0,5.098,6.311,True,710,123.112,NA,712,80.175,NA,44.889,------------,True,1.182,False
2022-06-22 11:20:19.2,5.467,6.697,True,710,122.764,NA,712,80.513,NA,45.519,------------,True,1.191,False
2022-06-22 11:20:19.4,5.098,6.311,True,710,122.438,NA,712,80.830,NA,45.563,------------,True,1.201,False
2022-06-22 11:20:19.6,5.467,6.697,True,710,122.090,NA,712,81.168,NA,46.193,------------,True,1.211,False
2022-06-22 11:20:19.8,5.098,6.311,True,710,121.763,NA,712,81.485,NA,46.237,------------,True,1.221,False
2022-06-22 11:20:20.0,5.098,6.311,True,710,121.437,NA,712,81.802,NA,46.563,------------,True,1.230,False
2022-06-22 11:20:20.2,5.467,6.697,True,710,121.089,NA,712,82.140,NA,47.194,------------,True,1.240,False
2022-06-22 11:20:20.4,5.098,6.311,True,710,120.762,NA,712,82.457,NA,47.238,------------,True,1.250,False
2022-06-22 11:20:20.6,5.098,6.311,True,710,120.436,NA,712,82.773,NA,47.564,------------,True,1.259,False
2022-06-22 11:20:20.8,5.098,6.311,True,710,120.109,NA,712,83.091,NA,47.891,------------,True,1.269,False
2022-06-22 11:20:21.0,5.467,6.697,True,710,119.761,NA,712,83.429,NA,48.521,------------,True,1.278,False
2022-06-22 11:20:21.2,5.098,6.311,True,710,119.435,NA,712,83.746,NA,48.565,------------,True,1.288,False
2022-06-22 11:20:21.4,5.098,6.311,True,710,119.108,NA,712,84.062,NA,48.892,------------,True,1.298,False
2022-06-22 11:20:21.6,5.098,6.311,True,710,118.782,NA,712,84.380,NA,49.219,------------,True,1.307,False
2022-06-22 11:20:21.8,5.098,6.311,True,710,118.456,NA,712,84.696,NA,49.545,------------,True,1.316,False
2022-06-22 11:20:22.0,5.467,6.697,True,710,118.107,NA,712,85.035,NA,50.176,------------,True,1.326,False
2022-06-22 11:20:22.2,5.098,6.311,True,710,117.781,NA,712,85.352,NA,50.219,------------,True,1.336,False
2022-06-22 11:20:22.4,5.098,6.311,True,710,117.455,NA,712,85.669,NA,50.546,------------,True,1.346,False
2022-06-22 11:20:22.6,5.467,6.697,True,710,117.106,NA,712,86.007,NA,51.177,------------,True,1.355,False
2022-06-22 11:20:22.8,5.098,6.311,True,710,116.780,NA,712,86.323,NA,51.220,------------,True,1.364,False
2022-06-22 11:20:23.0,5.098,6.311,True,710,116.454,NA,712,86.641,NA,51.547,------------,True,1.374,False
2022-06-22 11:20:23.2,5.467,6.697,True,710,116.105,NA,712,86.979,NA,52.177,------------,True,1.384,False
2022-06-22 11:20:23.4,5.098,6.311,True,710,115.957,NA,712,87.543,NA,52.044,------------,True,0.969,False
2022-06-22 11:20:23.6,5.098,6.311,True,710,115.630,NA,712,87.860,NA,52.370,------------,True,0.979,False
2022-06-22 11:20:23.8,5.467,6.697,True,710,115.282,NA,712,88.198,NA,53.001,------------,True,0.988,False
2022-06-22 11:20:24.0,5.098,6.311,True,710,114.956,NA,712,88.515,NA,53.045,------------,True,0.998,False
2022-06-22 11:20:24.2,5.098,6.311,True,710,114.629,NA,712,88.832,NA,53.371,------------,True,1.007,False
2022-06-22 11:20:24.4,5.098,6.311,True,710,114.303,NA,712,89.148,NA,53.697,------------,True,1.017,False
2022-06-22 11:20:24.6,5.098,6.311,True,710,113.977,NA,712,89.466,NA,54.023,------------,True,1.026,False
2022-06-22 11:20:24.8,5.098,6.311,True,710,113.650,NA,712,89.783,NA,54.351,------------,True,1.035,False
2022-06-22 11:20:25.0,5.467,6.697,True,710,113.302,NA,712,90.121,NA,54.980,------------,True,1.046,False
2022-06-22 11:20:25.2,5.098,6.311,True,710,112.976,NA,712,90.438,NA,55.024,------------,True,1.055,False
2022-06-22 11:20:25.4,5.098,6.311,True,710,112.649,NA,712,90.755,NA,55.351,------------,True,1.064,False
2022-06-22 11:20:25.6,5.098,6.311,True,710,112.323,NA,712,91.071,NA,55.678,------------,True,1.074,False
2022-06-22 11:20:25.8,5.098,6.311,True,710,111.996,NA,712,91.389,NA,56.004,------------,True,1.083,False
2022-06-22 11:20:26.0,5.098,6.311,True,710,111.670,NA,712,91.706,NA,56.330,------------,True,1.093,False
2022-06-22 11:20:26.2,5.467,6.697,True,710,111.322,NA,712,92.044,NA,56.961,------------,True,1.103,False
2022-06-22 11:20:26.4,5.467,6.697,True,710,110.974,NA,712,92.382,NA,57.309,------------,True,1.113,False
2022-06-22 11:20:26.6,5.098,6.311,True,710,110.647,NA,712,92.698,NA,57.353,------------,True,1.122,False
2022-06-22 11:20:26.8,5.467,6.697,True,710,110.299,NA,712,93.037,NA,57.983,------------,True,1.133,False
2022-06-22 11:20:27.0,5.467,6.697,True,710,109.951,NA,712,93.375,NA,58.332,------------,True,1.143,False
2022-06-22 11:20:27.2,5.467,6.697,True,710,109.603,NA,712,93.713,NA,58.680,------------,True,1.152,False
2022-06-22 11:20:27.4,5.467,6.697,True,710,109.255,NA,712,94.051,NA,59.028,------------,True,1.163,False
2022-06-22 11:20:27.6,5.854,7.084,True,710,108.885,NA,712,94.410,NA,59.681,------------,True,1.174,False
2022-06-22 11:20:27.8,5.467,6.697,True,710,108.537,NA,712,94.748,NA,59.746,------------,True,1.184,False
2022-06-22 11:20:28.0,5.854,7.084,True,710,108.167,NA,712,95.107,NA,60.398,------------,True,1.194,False
2022-06-22 11:20:28.2,5.854,7.084,True,710,107.797,NA,712,95.467,NA,60.769,------------,True,1.205,False
2022-06-22 11:20:28.4,5.854,7.084,True,710,107.427,NA,712,95.826,NA,61.139,------------,True,1.216,False
2022-06-22 11:20:28.6,5.854,7.084,True,710,107.058,NA,712,96.186,NA,61.508,------------,True,1.227,False
2022-06-22 11:20:28.8,6.240,7.488,True,710,106.666,NA,712,96.565,NA,62.195,------------,True,1.237,False
2022-06-22 11:20:29.0,6.240,7.488,True,710,106.273,NA,712,96.945,NA,62.587,------------,True,1.249,False
2022-06-22 11:20:29.2,6.240,7.488,True,710,105.882,NA,712,97.326,NA,62.979,------------,True,1.260,False
2022-06-22 11:20:29.4,6.240,7.488,True,710,105.490,NA,712,97.706,NA,63.370,------------,True,1.271,False
2022-06-22 11:20:29.6,6.609,7.875,True,710,105.077,NA,712,98.107,NA,64.066,------------,True,1.283,False
2022-06-22 11:20:29.8,6.609,7.875,True,710,104.664,NA,712,98.510,NA,64.479,------------,True,1.296,False
2022-06-22 11:20:30.0,6.609,7.875,True,710,104.250,NA,712,98.911,NA,64.894,------------,True,1.308,False
2022-06-22 11:20:30.2,6.609,7.875,True,710,103.837,NA,712,99.312,NA,65.307,------------,True,1.319,False
2022-06-22 11:20:30.4,6.996,8.262,True,710,103.401,NA,712,99.734,NA,66.024,------------,True,1.332,False
2022-06-22 11:20:30.6,6.996,8.262,True,710,102.967,NA,712,100.157,NA,66.459,------------,True,1.345,False
2022-06-22 11:20:30.8,6.996,8.262,True,710,102.531,NA,712,100.580,NA,66.895,------------,True,1.357,False
2022-06-22 11:20:31.0,6.996,8.262,True,710,102.096,NA,712,101.003,NA,67.330,------------,True,1.370,False
2022-06-22 11:20:31.2,7.383,8.666,True,710,101.805,NA,712,101.691,NA,67.917,------------,True,0.974,False
2022-06-22 11:20:31.4,7.383,8.666,True,710,101.348,NA,712,102.135,NA,68.374,------------,True,0.986,False
2022-06-22 11:20:31.6,7.383,8.666,True,710,100.891,NA,712,102.578,NA,68.831,------------,True,1.000,False
2022-06-22 11:20:31.8,7.752,9.053,True,710,100.412,NA,712,103.043,NA,69.592,------------,True,1.014,False
2022-06-22 11:20:32.0,7.752,9.053,True,710,99.933,NA,712,103.508,NA,70.070,------------,True,1.027,False
2022-06-22 11:20:32.2,7.752,9.053,True,710,99.454,NA,712,103.973,NA,70.550,------------,True,1.041,False
2022-06-22 11:20:32.4,8.139,9.439,True,710,98.954,NA,712,104.459,NA,71.332,------------,True,1.056,False
2022-06-22 11:20:32.6,8.139,9.439,True,710,98.453,NA,712,104.945,NA,71.833,------------,True,1.070,False
2022-06-22 11:20:32.8,8.139,9.439,True,710,97.953,NA,712,105.431,NA,72.333,------------,True,1.085,False
2022-06-22 11:20:33.0,8.525,9.826,True,710,97.431,NA,712,105.938,NA,73.138,------------,True,1.100,False
2022-06-22 11:20:33.2,8.139,9.439,True,710,96.931,NA,712,106.424,NA,73.356,------------,True,1.114,False
2022-06-22 11:20:33.4,8.895,10.230,True,710,96.387,NA,712,106.952,NA,74.478,------------,True,1.130,False
2022-06-22 11:20:33.6,8.525,9.826,True,710,95.864,NA,712,107.459,NA,74.705,------------,True,1.146,False
2022-06-22 11:20:33.8,8.895,10.230,True,710,95.320,NA,712,107.987,NA,75.544,------------,True,1.161,False
2022-06-22 11:20:34.0,8.895,10.230,True,710,94.776,NA,712,108.516,NA,76.088,------------,True,1.177,False
2022-06-22 11:20:34.2,8.895,10.230,True,710,94.232,NA,712,109.044,NA,76.632,------------,True,1.192,False
2022-06-22 11:20:34.4,8.895,10.230,True,710,93.688,NA,712,109.572,NA,77.176,------------,True,1.208,False
2022-06-22 11:20:34.6,8.895,10.230,True,710,93.145,NA,712,110.101,NA,77.720,------------,True,1.224,False
2022-06-22 11:20:34.8,9.281,10.617,True,710,92.578,NA,712,110.650,NA,78.568,------------,True,1.240,False
2022-06-22 11:20:35.0,9.281,10.617,True,710,92.013,NA,712,111.199,NA,79.134,------------,True,1.257,False
2022-06-22 11:20:35.2,9.281,10.617,True,710,91.447,NA,712,111.749,NA,79.700,------------,True,1.272,False
2022-06-22 11:20:35.4,9.281,10.617,True,710,90.881,NA,712,112.298,NA,80.266,------------,True,1.289,False
2022-06-22 11:20:35.6,9.281,10.617,True,710,90.315,NA,712,112.848,NA,80.831,------------,True,1.306,False
2022-06-22 11:20:35.8,9.281,10.617,True,710,89.750,NA,712,113.396,NA,81.397,------------,True,1.322,False
2022-06-22 11:20:36.0,9.650,11.004,True,710,89.162,NA,712,113.967,NA,82.267,------------,True,1.339,False
2022-06-22 11:20:36.2,9.650,11.004,True,710,88.575,NA,712,114.538,NA,82.854,------------,True,1.355,False
2022-06-22 11:20:36.4,9.650,11.004,True,710,87.987,NA,712,115.108,NA,83.442,------------,True,1.373,False
2022-06-22 11:20:36.6,9.650,11.004,True,710,87.399,NA,711,0.369,NA,84.029,------------,True,1.390,False
2022-06-22 11:20:36.8,9.650,11.004,True,710,86.812,NA,711,0.939,NA,84.617,------------,True,1.407,False
2022-06-22 11:20:37.0,10.037,11.408,True,710,86.203,NA,711,1.531,NA,85.521,------------,True,1.425,False
2022-06-22 11:20:37.2,9.650,11.004,True,710,85.615,NA,711,2.102,NA,85.813,------------,True,1.441,False
2022-06-22 11:20:37.4,10.037,11.408,True,710,85.007,NA,711,2.693,NA,86.719,------------,True,1.459,False
2022-06-22 11:20:37.6,10.037,11.408,True,710,84.397,NA,711,3.284,NA,87.328,------------,True,1.477,False
2022-06-22 11:20:37.8,10.424,11.795,True,710,83.766,NA,711,3.897,NA,88.241,------------,True,1.495,False
2022-06-22 11:20:38.0,10.037,11.408,True,710,83.157,NA,711,4.489,NA,88.568,------------,True,1.513,False
2022-06-22 11:20:38.2,10.424,11.795,True,710,82.525,NA,711,5.102,NA,89.481,------------,True,1.531,False
2022-06-22 11:20:38.4,10.424,11.795,True,710,81.895,NA,711,5.715,NA,90.112,------------,True,1.549,False
2022-06-22 11:20:38.6,10.424,11.795,True,710,81.264,NA,711,6.327,NA,90.743,------------,True,1.567,False
2022-06-22 11:20:38.8,10.424,11.795,True,710,80.633,NA,711,6.940,NA,91.374,------------,True,1.586,False
2022-06-22 11:20:39.0,10.793,12.182,True,710,79.980,NA,711,7.574,NA,92.310,------------,True,1.604,False
2022-06-22 11:20:39.2,10.793,12.182,True,710,79.327,NA,711,8.208,NA,92.963,------------,True,1.623,False
2022-06-22 11:20:39.4,10.793,12.182,True,710,78.675,NA,711,8.842,NA,93.615,------------,True,1.643,False
2022-06-22 11:20:39.6,11.180,12.568,True,710,78.000,NA,711,9.497,NA,94.572,------------,True,1.662,False
2022-06-22 11:20:39.8,10.793,12.182,True,710,77.348,NA,711,10.131,NA,94.942,------------,True,1.681,False
2022-06-22 11:20:40.0,11.566,12.973,True,710,76.651,NA,711,10.807,NA,96.217,------------,True,1.701,False
2022-06-22 11:20:40.2,11.180,12.568,True,710,75.977,NA,711,11.462,NA,96.596,------------,True,1.721,False
2022-06-22 11:20:40.4,11.566,12.973,True,710,75.280,NA,711,12.138,NA,97.588,------------,True,1.740,False
2022-06-22 11:20:40.6,11.180,12.568,True,710,74.605,NA,711,12.793,NA,97.967,------------,True,1.760,False
2022-06-22 11:20:40.8,11.566,12.973,True,710,73.909,NA,711,13.469,NA,98.958,------------,True,1.780,False
2022-06-22 11:20:41.0,11.180,12.568,True,710,73.234,NA,711,14.124,NA,99.338,------------,True,1.800,False
2022-06-22 11:20:41.2,11.180,12.568,True,710,72.561,NA,711,14.779,NA,100.012,------------,True,1.819,False
2022-06-22 11:20:41.4,11.180,12.568,True,710,71.886,NA,711,15.435,NA,100.687,------------,True,1.839,False
2022-06-22 11:20:41.6,11.180,12.568,True,710,71.211,NA,711,16.089,NA,101.361,------------,True,1.858,False
2022-06-22 11:20:41.8,11.180,12.568,True,710,70.536,NA,711,16.744,NA,102.036,------------,True,1.878,False
2022-06-22 11:20:42.0,10.793,12.182,True,710,69.884,NA,711,17.378,NA,102.406,------------,True,1.896,False
2022-06-22 11:20:42.2,11.180,12.568,True,710,69.209,NA,711,18.033,NA,103.363,------------,True,1.916,False
2022-06-22 11:20:42.4,10.793,12.182,True,710,68.557,NA,711,18.667,NA,103.733,------------,True,1.935,False
2022-06-22 11:20:42.6,11.180,12.568,True,710,67.882,NA,711,19.322,NA,104.690,------------,True,1.954,False
2022-06-22 11:20:42.8,10.793,12.182,True,710,67.229,NA,711,19.956,NA,105.061,------------,True,1.974,False
2022-06-22 11:20:43.0,10.793,12.182,True,710,66.576,NA,711,20.590,NA,105.713,------------,True,1.992,False
2022-06-22 11:20:43.2,10.793,12.182,True,710,65.924,NA,711,21.224,NA,106.366,------------,True,2.011,False
2022-06-22 11:20:43.4,11.180,12.568,True,710,65.249,NA,711,21.879,NA,107.323,------------,True,2.030,False
2022-06-22 11:20:43.6,10.424,11.795,True,710,64.618,NA,711,22.491,NA,107.389,------------,True,2.049,False
2022-06-22 11:20:43.8,10.424,11.795,True,710,63.987,NA,711,23.104,NA,108.021,------------,True,2.067,False
2022-06-22 11:20:44.0,10.037,11.408,True,710,63.378,NA,711,23.696,NA,108.347,------------,True,2.085,False
2022-06-22 11:20:44.2,9.281,11.408,True,710,62.769,NA,711,24.245,NA,108.958,------------,True,2.145,False
2022-06-22 11:20:44.4,9.281,11.408,True,710,62.159,NA,711,24.795,NA,109.566,------------,True,2.204,False
2022-06-22 11:20:44.6,8.525,11.250,True,710,61.559,NA,711,25.302,NA,110.053,------------,True,2.298,False
2022-06-22 11:20:44.8,8.525,11.250,True,710,60.958,NA,711,25.809,NA,110.654,------------,True,2.392,False
2022-06-22 11:20:45.0,7.752,10.354,True,710,60.407,NA,711,26.273,NA,110.550,------------,True,2.478,False
2022-06-22 11:20:45.2,7.752,10.354,True,710,59.856,NA,711,26.738,NA,111.100,------------,True,2.563,False
2022-06-22 11:20:45.4,6.996,9.439,True,710,59.355,NA,711,27.161,NA,110.933,------------,True,2.642,False
2022-06-22 11:20:45.6,6.996,9.439,True,710,58.855,NA,711,27.584,NA,111.434,------------,True,2.720,False
2022-06-22 11:20:45.8,6.609,9.000,True,710,58.380,NA,711,27.985,NA,111.588,------------,True,2.794,False
2022-06-22 11:20:46.0,6.609,9.000,True,710,57.904,NA,711,28.387,NA,112.063,------------,True,2.868,False
2022-06-22 11:20:46.2,6.240,8.543,True,710,57.453,NA,711,28.767,NA,112.180,------------,True,2.938,False
2022-06-22 11:20:46.4,5.854,8.086,True,710,57.028,NA,711,29.126,NA,112.271,------------,True,3.005,False
2022-06-22 11:20:46.6,5.854,8.086,True,710,56.603,NA,711,29.485,NA,112.697,------------,True,3.070,False
2022-06-22 11:20:46.8,5.098,7.189,True,710,56.227,NA,711,29.803,NA,112.417,------------,True,3.129,False
2022-06-22 11:20:47.0,5.467,7.646,True,710,55.826,NA,711,30.141,NA,113.151,------------,True,3.191,False
2022-06-22 11:20:47.2,4.711,6.750,True,710,55.476,NA,711,30.437,NA,112.847,------------,True,3.246,False
2022-06-22 11:20:47.4,4.711,6.750,True,710,55.126,NA,711,30.732,NA,113.197,------------,True,3.301,False
2022-06-22 11:20:47.6,4.342,6.293,True,710,54.800,NA,711,31.007,NA,113.188,------------,True,3.352,False
2022-06-22 11:20:47.8,4.342,6.293,True,710,54.475,NA,711,31.281,NA,113.515,------------,True,3.402,False
2022-06-22 11:20:48.0,4.342,6.293,True,710,54.149,NA,711,31.556,NA,113.840,------------,True,3.453,False
2022-06-22 11:20:48.2,4.342,6.293,True,710,53.824,NA,711,31.831,NA,114.165,------------,True,3.504,False
2022-06-22 11:20:48.4,4.342,6.293,True,710,53.498,NA,711,32.105,NA,114.490,------------,True,3.555,False
2022-06-22 11:20:48.6,4.342,5.520,True,710,53.216,NA,711,32.380,NA,114.207,------------,True,3.562,False
2022-06-22 11:20:48.8,4.342,5.520,True,710,52.933,NA,711,32.655,NA,114.489,------------,True,3.571,False
2022-06-22 11:20:49.0,4.342,5.520,True,710,52.649,NA,711,32.930,NA,114.772,------------,True,3.579,False
2022-06-22 11:20:49.2,4.342,5.520,True,710,52.367,NA,711,33.204,NA,115.056,------------,True,3.587,False
2022-06-22 11:20:49.4,4.342,5.520,True,710,52.084,NA,711,33.479,NA,115.338,------------,True,3.596,False
2022-06-22 11:20:49.6,4.342,5.520,True,710,51.802,NA,711,33.754,NA,115.621,------------,True,3.604,False
2022-06-22 11:20:49.8,4.342,5.520,True,710,51.519,NA,711,34.028,NA,115.904,------------,True,3.612,False
2022-06-22 11:20:50.0,4.711,5.924,True,710,51.214,NA,711,34.324,NA,116.504,------------,True,3.621,False
2022-06-22 11:20:50.2,5.098,6.311,True,710,50.888,NA,711,34.641,NA,117.113,------------,True,3.630,False
2022-06-22 11:20:50.4,5.098,6.311,True,710,50.561,NA,711,34.958,NA,117.439,------------,True,3.640,False
2022-06-22 11:20:50.6,5.098,6.311,True,710,50.234,NA,711,35.274,NA,117.766,------------,True,3.649,False
2022-06-22 11:20:50.8,5.467,6.697,True,710,49.887,NA,711,35.613,NA,118.396,------------,True,3.659,False
2022-06-22 11:20:51.0,5.467,6.697,True,710,49.538,NA,711,35.951,NA,118.744,------------,True,3.669,False
2022-06-22 11:20:51.2,5.854,7.084,True,710,50.927,NA,711,37.267,NA,117.639,------------,True,0.965,False
2022-06-22 11:20:51.4,5.854,7.084,True,710,50.558,NA,711,37.626,NA,118.008,------------,True,0.976,False
2022-06-22 11:20:51.6,5.854,7.084,True,710,50.188,NA,711,37.984,NA,118.378,------------,True,0.986,False
2022-06-22 11:20:51.8,6.240,7.488,True,710,49.796,NA,711,38.365,NA,119.065,------------,True,0.998,False
2022-06-22 11:20:52.0,5.854,7.084,True,710,49.426,NA,711,38.725,NA,119.140,------------,True,1.009,False
2022-06-22 11:20:52.2,6.240,7.488,True,710,49.034,NA,711,39.104,NA,119.826,------------,True,1.020,False
2022-06-22 11:20:52.4,5.854,7.084,True,710,48.664,NA,711,39.464,NA,119.901,------------,True,1.030,False
2022-06-22 11:20:52.6,6.240,7.488,True,710,48.272,NA,711,39.844,NA,120.588,------------,True,1.042,False
2022-06-22 11:20:52.8,6.240,7.488,True,710,47.881,NA,711,40.225,NA,120.979,------------,True,1.053,False
2022-06-22 11:20:53.0,6.240,7.488,True,710,47.489,NA,711,40.604,NA,121.371,------------,True,1.064,False
2022-06-22 11:20:53.2,6.609,7.875,True,710,47.076,NA,711,41.006,NA,122.067,------------,True,1.076,False
2022-06-22 11:20:53.4,6.609,7.875,True,710,46.662,NA,711,41.407,NA,122.480,------------,True,1.089,False
2022-06-22 11:20:53.6,6.609,7.875,True,710,46.249,NA,711,41.810,NA,122.895,------------,True,1.101,False
2022-06-22 11:20:53.8,6.240,7.488,True,710,45.857,NA,711,42.189,NA,123.004,------------,True,1.111,False
2022-06-22 11:20:54.0,6.609,7.875,True,710,45.444,NA,711,42.591,NA,123.699,------------,True,1.124,False
2022-06-22 11:20:54.2,6.609,7.875,True,710,45.030,NA,711,42.992,NA,124.113,------------,True,1.136,False
2022-06-22 11:20:54.4,6.609,7.875,True,710,44.617,NA,711,43.394,NA,124.526,------------,True,1.147,False
2022-06-22 11:20:54.6,6.609,7.875,True,710,44.204,NA,711,43.795,NA,124.939,------------,True,1.159,False
2022-06-22 11:20:54.8,6.609,7.875,True,710,43.790,NA,711,44.197,NA,125.354,------------,True,1.172,False
2022-06-22 11:20:55.0,6.609,7.875,True,710,43.377,NA,711,44.599,NA,125.767,------------,True,1.184,False
2022-06-22 11:20:55.2,6.996,8.262,True,710,42.941,NA,711,45.021,NA,126.484,------------,True,1.196,False
2022-06-22 11:20:55.4,6.996,8.262,True,710,42.507,NA,711,45.443,NA,126.919,------------,True,1.209,False
2022-06-22 11:20:55.6,7.383,8.666,True,710,42.050,NA,711,45.887,NA,127.672,------------,True,1.222,False
2022-06-22 11:20:55.8,7.383,8.666,True,710,41.593,NA,711,46.331,NA,128.129,------------,True,1.235,False
2022-06-22 11:20:56.0,7.752,9.053,True,710,41.114,NA,711,46.796,NA,128.890,------------,True,1.249,False
2022-06-22 11:20:56.2,7.752,9.053,True,710,40.635,NA,711,47.261,NA,129.368,------------,True,1.263,False
2022-06-22 11:20:56.4,8.139,9.439,True,710,40.135,NA,711,47.746,NA,130.151,------------,True,1.277,False
2022-06-22 11:20:56.6,7.752,9.053,True,710,39.656,NA,711,48.211,NA,130.348,------------,True,1.291,False
2022-06-22 11:20:56.8,7.752,9.053,True,710,39.178,NA,711,48.677,NA,130.826,------------,True,1.305,False
2022-06-22 11:20:57.0,8.139,9.439,True,710,38.818,NA,711,49.372,NA,131.468,------------,True,0.968,False
2022-06-22 11:20:57.2,7.752,9.053,True,710,38.340,NA,711,49.837,NA,131.664,------------,True,0.982,False
2022-06-22 11:20:57.4,8.139,9.439,True,710,37.839,NA,711,50.323,NA,132.447,------------,True,0.996,False
2022-06-22 11:20:57.6,7.752,9.053,True,710,37.360,NA,711,50.788,NA,132.644,------------,True,1.011,False
2022-06-22 11:20:57.8,8.139,9.439,True,710,36.860,NA,711,51.273,NA,133.426,------------,True,1.024,False
2022-06-22 11:20:58.0,7.752,9.053,True,710,36.382,NA,711,51.738,NA,133.622,------------,True,1.039,False
2022-06-22 11:20:58.2,8.139,9.439,True,710,35.881,NA,711,52.225,NA,134.405,------------,True,1.053,False
2022-06-22 11:20:58.4,8.139,9.439,True,710,35.381,NA,711,52.710,NA,134.906,------------,True,1.067,False
2022-06-22 11:20:58.6,8.139,9.439,True,710,34.880,NA,711,53.196,NA,135.406,------------,True,1.082,False
2022-06-22 11:20:58.8,7.752,9.053,True,710,34.401,NA,711,53.661,NA,135.603,------------,True,1.096,False
2022-06-22 11:20:59.0,8.139,9.439,True,710,33.900,NA,711,54.147,NA,136.386,------------,True,1.110,False
2022-06-22 11:20:59.2,8.139,9.439,True,710,33.400,NA,711,54.633,NA,136.886,------------,True,1.125,False
2022-06-22 11:20:59.4,8.139,9.439,True,710,32.900,NA,711,55.119,NA,137.387,------------,True,1.140,False
2022-06-22 11:20:59.6,8.525,9.826,True,710,32.378,NA,711,55.626,NA,138.191,------------,True,1.154,False
2022-06-22 11:20:59.8,8.525,9.826,True,710,31.855,NA,711,56.134,NA,138.713,------------,True,1.170,False
2022-06-22 11:21:00.0,8.895,10.230,True,710,31.312,NA,711,56.662,NA,139.553,------------,True,1.186,False
2022-06-22 11:21:00.2,8.525,9.826,True,710,30.789,NA,711,57.169,NA,139.779,------------,True,1.200,False
2022-06-22 11:21:00.4,8.895,10.230,True,710,30.245,NA,711,57.697,NA,140.619,------------,True,1.216,False
2022-06-22 11:21:00.6,8.895,10.230,True,710,29.701,NA,711,58.226,NA,141.163,------------,True,1.231,False
2022-06-22 11:21:00.8,8.895,10.230,True,710,29.157,NA,711,58.754,NA,141.707,------------,True,1.248,False
2022-06-22 11:21:01.0,8.895,10.230,True,710,28.613,NA,711,59.281,NA,142.251,------------,True,1.264,False
2022-06-22 11:21:01.2,8.895,10.230,True,710,28.069,NA,711,59.810,NA,142.795,------------,True,1.279,False
2022-06-22 11:21:01.4,8.895,10.230,True,710,27.525,NA,711,60.338,NA,143.339,------------,True,1.295,False
2022-06-22 11:21:01.6,8.895,10.230,True,710,26.981,NA,711,60.866,NA,143.883,------------,True,1.311,False
2022-06-22 11:21:01.8,9.281,10.617,True,710,26.416,NA,711,61.416,NA,144.731,------------,True,1.327,False
2022-06-22 11:21:02.0,8.895,10.230,True,710,25.872,NA,711,61.944,NA,144.992,------------,True,1.343,False
2022-06-22 11:21:02.2,8.895,10.230,True,710,25.328,NA,711,62.473,NA,145.536,------------,True,1.358,False
2022-06-22 11:21:02.4,9.281,10.617,True,710,24.762,NA,711,63.021,NA,146.385,------------,True,1.375,False
2022-06-22 11:21:02.6,8.895,10.230,True,710,24.218,NA,711,63.550,NA,146.646,------------,True,1.391,False
2022-06-22 11:21:02.8,9.281,10.617,True,710,23.652,NA,711,64.100,NA,147.494,------------,True,1.407,False
2022-06-22 11:21:03.0,8.895,10.230,True,710,23.108,NA,711,64.628,NA,147.756,------------,True,1.423,False
2022-06-22 11:21:03.2,9.281,10.617,True,710,22.543,NA,711,65.177,NA,148.604,------------,True,1.439,False
2022-06-22 11:21:03.4,9.281,10.617,True,710,22.176,NA,710,0.240,NA,148.971,------------,True,0.973,False
2022-06-22 11:21:03.6,9.281,10.617,True,710,21.610,NA,710,0.789,NA,149.536,------------,True,0.989,False
2022-06-22 11:21:03.8,9.281,10.617,True,710,21.045,NA,710,1.339,NA,150.103,------------,True,1.005,False
2022-06-22 11:21:04.0,9.281,10.617,True,710,20.479,NA,710,1.888,NA,150.668,------------,True,1.021,False
2022-06-22 11:21:04.2,9.281,10.617,True,710,19.913,NA,710,2.438,NA,151.233,------------,True,1.038,False
2022-06-22 11:21:04.4,9.281,10.617,True,710,19.348,NA,710,2.986,NA,151.800,------------,True,1.055,False
2022-06-22 11:21:04.6,9.281,10.617,True,710,18.781,NA,710,3.536,NA,152.365,------------,True,1.070,False
2022-06-22 11:21:04.8,9.650,11.004,True,710,18.194,NA,710,4.106,NA,153.235,------------,True,1.088,False
2022-06-22 11:21:05.0,9.281,10.617,True,710,17.629,NA,710,4.656,NA,153.519,------------,True,1.104,False
2022-06-22 11:21:05.2,9.650,11.004,True,710,17.041,NA,710,5.227,NA,154.389,------------,True,1.121,False
2022-06-22 11:21:05.4,9.281,10.617,True,710,16.476,NA,710,5.775,NA,154.672,------------,True,1.138,False
2022-06-22 11:21:05.6,9.650,11.004,True,710,15.888,NA,710,6.347,NA,155.542,------------,True,1.154,False
2022-06-22 11:21:05.8,9.281,10.617,True,710,15.322,NA,710,6.896,NA,155.825,------------,True,1.171,False
2022-06-22 11:21:06.0,9.281,10.617,True,710,14.756,NA,710,7.445,NA,156.391,------------,True,1.188,False
2022-06-22 11:21:06.2,8.895,10.230,True,710,14.212,NA,710,7.974,NA,156.652,------------,True,1.203,False
2022-06-22 11:21:06.4,8.895,10.230,True,710,13.668,NA,710,8.502,NA,157.196,------------,True,1.219,False
2022-06-22 11:21:06.6,8.525,9.826,True,710,13.146,NA,710,9.009,NA,157.423,------------,True,1.233,False
2022-06-22 11:21:06.8,8.895,10.230,True,710,12.737,NA,710,9.689,NA,158.127,------------,True,0.961,False
2022-06-22 11:21:07.0,8.139,9.439,True,710,12.237,NA,710,10.176,NA,158.049,------------,True,0.976,False
2022-06-22 11:21:07.2,8.139,9.439,True,710,11.737,NA,710,10.661,NA,158.550,------------,True,0.990,False
2022-06-22 11:21:07.4,8.139,9.439,True,710,11.236,NA,710,11.147,NA,159.050,------------,True,1.005,False
2022-06-22 11:21:07.6,7.752,9.053,True,710,10.758,NA,710,11.612,NA,159.246,------------,True,1.019,False
2022-06-22 11:21:07.8,7.752,9.053,True,710,10.279,NA,710,12.077,NA,159.725,------------,True,1.032,False
2022-06-22 11:21:08.0,7.383,8.666,True,710,9.822,NA,710,12.521,NA,159.899,------------,True,1.046,False
2022-06-22 11:21:08.2,7.383,8.666,True,710,9.365,NA,710,12.965,NA,160.356,------------,True,1.059,False
2022-06-22 11:21:08.4,6.996,8.262,True,710,8.930,NA,710,13.387,NA,160.496,------------,True,1.071,False
2022-06-22 11:21:08.6,6.996,8.262,True,710,8.495,NA,710,13.810,NA,160.931,------------,True,1.084,False
2022-06-22 11:21:08.8,6.609,7.875,True,710,8.081,NA,710,14.211,NA,161.063,------------,True,1.096,False
2022-06-22 11:21:09.0,6.609,7.875,True,710,7.668,NA,710,14.612,NA,0.266,------------,True,1.108,False
2022-06-22 11:21:09.2,6.609,7.875,True,710,7.255,NA,710,15.015,NA,0.679,------------,True,1.120,False
2022-06-22 11:21:09.4,5.854,7.875,True,710,6.841,NA,710,15.373,NA,1.094,------------,True,1.174,False
2022-06-22 11:21:09.6,6.240,7.488,True,710,6.449,NA,710,15.754,NA,1.201,------------,True,1.186,False
2022-06-22 11:21:09.8,5.854,7.084,True,710,6.079,NA,710,16.113,NA,1.276,------------,True,1.196,False
2022-06-22 11:21:10.0,6.240,7.488,True,710,5.688,NA,710,16.493,NA,1.963,------------,True,1.207,False
2022-06-22 11:21:10.2,5.854,7.084,True,710,5.318,NA,710,16.853,NA,2.037,------------,True,1.218,False
2022-06-22 11:21:10.4,6.240,7.488,True,710,4.926,NA,710,17.232,NA,2.725,------------,True,1.229,False
2022-06-22 11:21:10.6,5.854,7.084,True,710,4.557,NA,710,17.592,NA,2.799,------------,True,1.240,False
2022-06-22 11:21:10.8,6.240,7.488,True,710,4.165,NA,710,17.973,NA,3.486,------------,True,1.252,False
2022-06-22 11:21:11.0,6.240,7.488,True,710,3.773,NA,710,18.353,NA,3.878,------------,True,1.263,False
2022-06-22 11:21:11.2,6.240,7.488,True,710,3.382,NA,710,18.733,NA,4.270,------------,True,1.274,False
2022-06-22 11:21:11.4,5.854,7.084,True,710,3.012,NA,710,19.092,NA,4.344,------------,True,1.285,False
2022-06-22 11:21:11.6,6.240,7.488,True,710,2.620,NA,710,19.473,NA,5.031,------------,True,1.296,False
2022-06-22 11:21:11.8,6.240,7.488,True,710,2.229,NA,710,19.853,NA,5.423,------------,True,1.308,False
2022-06-22 11:21:12.0,6.609,7.875,True,710,1.814,NA,710,20.254,NA,6.118,------------,True,1.319,False
2022-06-22 11:21:12.2,6.240,7.488,True,710,1.423,NA,710,20.635,NA,6.228,------------,True,1.331,False
2022-06-22 11:21:12.4,6.240,7.488,True,710,1.031,NA,710,21.015,NA,6.619,------------,True,1.342,False
2022-06-22 11:21:12.6,6.240,7.488,True,710,0.640,NA,710,21.396,NA,7.011,------------,True,1.354,False
2022-06-22 11:21:12.8,6.609,7.875,True,710,0.227,NA,710,21.797,NA,7.707,------------,True,1.365,False
2022-06-22 11:21:13.0,6.240,7.488,True,709,18.774,NA,710,22.177,NA,7.778,------------,True,1.377,False
2022-06-22 11:21:13.2,6.609,7.875,True,709,18.361,NA,710,22.578,NA,8.474,------------,True,1.389,False
2022-06-22 11:21:13.4,6.240,7.488,True,709,17.970,NA,710,22.959,NA,8.583,------------,True,1.400,False
2022-06-22 11:21:13.6,6.609,7.875,True,709,17.556,NA,710,23.360,NA,9.279,------------,True,1.412,False
2022-06-22 11:21:13.8,6.609,7.875,True,709,17.366,NA,710,23.993,NA,9.469,------------,True,0.969,False
2022-06-22 11:21:14.0,6.240,7.488,True,709,16.975,NA,710,24.373,NA,9.577,------------,True,0.980,False
2022-06-22 11:21:14.2,6.609,7.875,True,709,16.562,NA,710,24.774,NA,10.273,------------,True,0.992,False
2022-06-22 11:21:14.4,6.609,7.875,True,709,16.148,NA,710,25.177,NA,10.687,------------,True,1.004,False
2022-06-22 11:21:14.6,6.609,7.875,True,709,15.734,NA,710,25.578,NA,11.101,------------,True,1.016,False
2022-06-22 11:21:14.8,6.609,7.875,True,709,15.321,NA,710,25.979,NA,11.514,------------,True,1.028,False
2022-06-22 11:21:15.0,6.996,8.262,True,709,14.886,NA,710,26.401,NA,12.231,------------,True,1.041,False
2022-06-22 11:21:15.2,6.609,7.875,True,709,14.473,NA,710,26.804,NA,12.362,------------,True,1.053,False
2022-06-22 11:21:15.4,6.609,7.875,True,709,14.060,NA,710,27.205,NA,12.775,------------,True,1.064,False
2022-06-22 11:21:15.6,6.609,7.875,True,709,13.646,NA,710,27.606,NA,13.189,------------,True,1.076,False
2022-06-22 11:21:15.8,6.996,8.262,True,709,13.211,NA,710,28.029,NA,13.907,------------,True,1.089,False
2022-06-22 11:21:16.0,6.609,7.875,True,709,12.797,NA,710,28.431,NA,14.038,------------,True,1.101,False
2022-06-22 11:21:16.2,6.996,8.262,True,709,12.362,NA,710,28.853,NA,14.756,------------,True,1.113,False
2022-06-22 11:21:16.4,6.609,7.875,True,709,11.948,NA,710,29.254,NA,14.887,------------,True,1.126,False
2022-06-22 11:21:16.6,6.996,8.262,True,709,11.514,NA,710,29.677,NA,15.604,------------,True,1.138,False
2022-06-22 11:21:16.8,6.996,8.262,True,709,11.078,NA,710,30.100,NA,16.039,------------,True,1.150,False
2022-06-22 11:21:17.0,6.609,7.875,True,709,10.665,NA,710,30.501,NA,16.170,------------,True,1.163,False
2022-06-22 11:21:17.2,6.996,8.262,True,709,10.229,NA,710,30.924,NA,16.888,------------,True,1.175,False
2022-06-22 11:21:17.4,6.996,8.262,True,709,9.795,NA,710,31.346,NA,17.323,------------,True,1.188,False
2022-06-22 11:21:17.6,6.996,8.262,True,709,9.359,NA,710,31.769,NA,17.759,------------,True,1.200,False
2022-06-22 11:21:17.8,6.996,8.262,True,709,8.924,NA,710,32.191,NA,18.193,------------,True,1.213,False
2022-06-22 11:21:18.0,6.996,8.262,True,709,8.489,NA,710,32.614,NA,18.629,------------,True,1.226,False
2022-06-22 11:21:18.2,6.609,7.875,True,709,8.075,NA,710,33.016,NA,18.760,------------,True,1.237,False
2022-06-22 11:21:18.4,7.383,8.666,True,709,7.618,NA,710,33.459,NA,0.854,------------,True,1.251,False
2022-06-22 11:21:18.6,6.996,8.262,True,709,7.184,NA,710,33.882,NA,0.994,------------,True,1.264,False
2022-06-22 11:21:18.8,6.996,8.262,True,709,6.748,NA,710,34.305,NA,1.430,------------,True,1.276,False
2022-06-22 11:21:19.0,6.996,8.262,True,709,6.313,NA,710,34.727,NA,1.864,------------,True,1.288,False
2022-06-22 11:21:19.2,6.996,8.262,True,709,5.878,NA,710,35.149,NA,2.300,------------,True,1.301,False
2022-06-22 11:21:19.4,6.996,8.262,True,709,5.442,NA,710,35.572,NA,2.735,------------,True,1.313,False
2022-06-22 11:21:19.6,7.383,8.666,True,709,4.985,NA,710,36.016,NA,3.487,------------,True,1.327,False
2022-06-22 11:21:19.8,6.996,8.262,True,709,4.551,NA,710,36.438,NA,3.627,------------,True,1.340,False
2022-06-22 11:21:20.0,6.996,8.262,True,709,4.115,NA,710,36.861,NA,4.063,------------,True,1.353,False
2022-06-22 11:21:20.2,7.383,8.666,True,709,3.658,NA,710,37.305,NA,4.814,------------,True,1.365,False
2022-06-22 11:21:20.4,6.996,8.262,True,709,3.224,NA,710,37.728,NA,4.954,------------,True,1.378,False
2022-06-22 11:21:20.6,7.383,8.666,True,709,2.949,NA,710,38.407,NA,5.523,------------,True,0.972,False
2022-06-22 11:21:20.8,6.996,8.262,True,709,2.515,NA,710,38.830,NA,5.663,------------,True,0.984,False
2022-06-22 11:21:21.0,7.383,8.666,True,709,2.058,NA,710,39.273,NA,6.416,------------,True,0.997,False
2022-06-22 11:21:21.2,7.752,9.053,True,709,1.579,NA,710,39.738,NA,7.177,------------,True,1.011,False
2022-06-22 11:21:21.4,7.752,9.053,True,709,1.100,NA,710,40.203,NA,7.655,------------,True,1.024,False
2022-06-22 11:21:21.6,8.139,9.439,True,709,0.600,NA,710,40.689,NA,8.438,------------,True,1.039,False
2022-06-22 11:21:21.8,8.139,9.439,True,709,0.100,NA,710,41.176,NA,8.938,------------,True,1.054,False
2022-06-22 11:21:22.0,8.139,9.439,True,892,66.009,NA,710,41.661,NA,9.384,------------,True,1.068,False
2022-06-22 11:21:22.2,8.525,9.826,True,892,65.486,NA,710,42.169,NA,10.188,------------,True,1.083,False
2022-06-22 11:21:22.4,8.139,9.439,True,892,64.986,NA,710,42.654,NA,10.406,------------,True,1.098,False
2022-06-22 11:21:22.6,8.525,9.826,True,892,64.464,NA,710,43.162,NA,11.211,------------,True,1.113,False
2022-06-22 11:21:22.8,8.139,9.439,True,892,63.963,NA,710,43.647,NA,11.429,------------,True,1.127,False
2022-06-22 11:21:23.0,8.525,9.826,True,892,63.441,NA,710,44.155,NA,12.233,------------,True,1.143,False
2022-06-22 11:21:23.2,8.525,9.826,True,892,62.919,NA,710,44.662,NA,12.756,------------,True,1.157,False
2022-06-22 11:21:23.4,8.525,9.826,True,892,62.396,NA,710,45.169,NA,13.278,------------,True,1.173,False
2022-06-22 11:21:23.6,8.139,9.439,True,892,61.896,NA,710,45.655,NA,13.496,------------,True,1.188,False
2022-06-22 11:21:23.8,8.525,9.826,True,892,61.374,NA,710,46.162,NA,14.301,------------,True,1.202,False
2022-06-22 11:21:24.0,8.525,9.826,True,892,60.852,NA,710,46.669,NA,14.823,------------,True,1.218,False
2022-06-22 11:21:24.2,8.525,9.826,True,892,60.330,NA,710,47.177,NA,15.346,------------,True,1.232,False
2022-06-22 11:21:24.4,8.525,9.826,True,892,59.808,NA,710,47.684,NA,15.867,------------,True,1.248,False
2022-06-22 11:21:24.6,8.525,9.826,True,892,59.285,NA,710,48.190,NA,16.390,------------,True,1.263,False
2022-06-22 11:21:24.8,8.525,9.826,True,892,58.763,NA,710,48.697,NA,16.912,------------,True,1.278,False
2022-06-22 11:21:25.0,8.525,9.826,True,892,58.241,NA,710,49.205,NA,17.435,------------,True,1.293,False
2022-06-22 11:21:25.2,8.895,10.230,True,892,57.696,NA,710,49.733,NA,18.273,------------,True,1.309,False
2022-06-22 11:21:25.4,8.895,10.230,True,892,57.152,NA,710,50.262,NA,18.817,------------,True,1.324,False
2022-06-22 11:21:25.6,9.281,10.617,True,892,56.587,NA,710,50.811,NA,19.666,------------,True,1.341,False
2022-06-22 11:21:25.8,9.281,10.617,True,892,56.021,NA,710,51.360,NA,20.231,------------,True,1.357,False
2022-06-22 11:21:26.0,8.895,10.230,True,892,55.478,NA,710,51.889,NA,20.493,------------,True,1.373,False
2022-06-22 11:21:26.2,9.281,10.617,True,892,54.911,NA,710,52.438,NA,21.342,------------,True,1.390,False
2022-06-22 11:21:26.4,9.281,10.617,True,892,54.346,NA,710,52.987,NA,21.907,------------,True,1.405,False
2022-06-22 11:21:26.6,9.281,10.617,True,892,53.780,NA,710,53.536,NA,22.473,------------,True,1.422,False
2022-06-22 11:21:26.8,8.895,10.230,True,892,53.236,NA,710,54.064,NA,22.734,------------,True,1.438,False
2022-06-22 11:21:27.0,9.281,10.617,True,892,52.671,NA,710,54.614,NA,23.582,------------,True,1.454,False
2022-06-22 11:21:27.2,9.281,10.617,True,892,52.104,NA,710,55.163,NA,24.148,------------,True,1.471,False
2022-06-22 11:21:27.4,9.281,10.617,True,892,51.539,NA,710,55.713,NA,24.714,------------,True,1.487,False
2022-06-22 11:21:27.6,9.281,10.617,True,892,50.974,NA,710,56.262,NA,25.279,------------,True,1.503,False
2022-06-22 11:21:27.8,9.281,10.617,True,892,50.407,NA,710,56.812,NA,25.846,------------,True,1.520,False
2022-06-22 11:21:28.0,9.281,10.617,True,892,49.842,NA,710,57.361,NA,26.411,------------,True,1.536,False
2022-06-22 11:21:28.2,9.281,10.617,True,892,49.276,NA,710,57.910,NA,26.977,------------,True,1.553,False
2022-06-22 11:21:28.4,9.281,10.617,True,892,48.710,NA,710,58.460,NA,27.543,------------,True,1.568,False
2022-06-22 11:21:28.6,8.895,10.230,True,892,48.166,NA,710,58.988,NA,27.804,------------,True,1.584,False
2022-06-22 11:21:28.8,9.281,10.617,True,892,47.601,NA,710,59.537,NA,28.652,------------,True,1.601,False
2022-06-22 11:21:29.0,9.281,10.617,True,892,47.035,NA,710,60.087,NA,29.218,------------,True,1.617,False
2022-06-22 11:21:29.2,9.281,10.617,True,892,46.469,NA,710,60.636,NA,29.784,------------,True,1.634,False
2022-06-22 11:21:29.4,9.281,10.617,True,892,45.903,NA,710,61.186,NA,30.350,------------,True,1.649,False
2022-06-22 11:21:29.6,9.281,10.617,True,892,45.338,NA,710,61.734,NA,30.915,------------,True,1.666,False
2022-06-22 11:21:29.8,9.281,10.617,True,892,44.771,NA,710,62.284,NA,31.481,------------,True,1.683,False
2022-06-22 11:21:30.0,9.281,10.617,True,892,44.206,NA,710,62.833,NA,32.047,------------,True,1.699,False
2022-06-22 11:21:30.2,9.281,10.617,True,892,43.641,NA,710,63.383,NA,32.612,------------,True,1.715,False
2022-06-22 11:21:30.4,8.895,10.230,True,892,43.097,NA,710,63.911,NA,32.874,------------,True,1.731,False
2022-06-22 11:21:30.6,9.281,10.617,True,892,42.530,NA,710,64.460,NA,33.723,------------,True,1.747,False
2022-06-22 11:21:30.8,9.281,10.617,True,892,41.965,NA,710,65.010,NA,34.288,------------,True,1.764,False
2022-06-22 11:21:31.0,9.281,10.617,True,892,41.399,NA,710,65.560,NA,34.854,------------,True,1.780,False
2022-06-22 11:21:31.2,9.281,10.617,True,892,40.834,NA,710,66.108,NA,35.419,------------,True,1.797,False
2022-06-22 11:21:31.4,8.895,10.230,True,892,40.289,NA,710,66.637,NA,35.681,------------,True,1.812,False
2022-06-22 11:21:31.6,9.281,10.617,True,892,39.724,NA,710,67.187,NA,36.529,------------,True,1.829,False
2022-06-22 11:21:31.8,9.281,10.617,True,892,39.158,NA,710,67.735,NA,37.095,------------,True,1.845,False
2022-06-22 11:21:32.0,9.281,10.617,True,892,38.593,NA,710,68.285,NA,37.660,------------,True,1.861,False
2022-06-22 11:21:32.2,8.895,10.230,True,892,38.049,NA,710,68.813,NA,37.922,------------,True,1.877,False
2022-06-22 11:21:32.4,9.281,10.617,True,892,37.482,NA,710,69.362,NA,38.771,------------,True,1.894,False
2022-06-22 11:21:32.6,8.895,10.230,True,892,36.938,NA,710,69.891,NA,39.032,------------,True,1.909,False
2022-06-22 11:21:32.8,9.281,10.617,True,892,36.373,NA,710,70.440,NA,39.880,------------,True,1.926,False
2022-06-22 11:21:33.0,8.895,10.230,True,892,36.195,NA,710,71.566,NA,39.774,------------,True,0.977,False
2022-06-22 11:21:33.2,9.281,10.617,True,892,35.630,NA,710,72.116,NA,40.623,------------,True,0.993,False
2022-06-22 11:21:33.4,8.895,10.230,True,892,35.086,NA,710,72.645,NA,40.885,------------,True,1.009,False
2022-06-22 11:21:33.6,9.281,10.617,True,892,34.521,NA,710,73.193,NA,41.732,------------,True,1.024,False
2022-06-22 11:21:33.8,9.650,11.004,True,892,33.933,NA,710,73.764,NA,42.603,------------,True,1.042,False
2022-06-22 11:21:34.0,9.650,11.004,True,892,33.345,NA,710,74.335,NA,43.190,------------,True,1.059,False
2022-06-22 11:21:34.2,9.650,11.004,True,892,32.758,NA,710,74.905,NA,43.778,------------,True,1.076,False
2022-06-22 11:21:34.4,9.650,11.004,True,892,32.170,NA,710,75.476,NA,44.365,------------,True,1.093,False
2022-06-22 11:21:34.6,10.037,11.408,True,892,31.561,NA,710,76.067,NA,45.270,------------,True,1.110,False
2022-06-22 11:21:34.8,10.424,11.795,True,892,30.930,NA,710,76.680,NA,46.184,------------,True,1.129,False
2022-06-22 11:21:35.0,10.037,11.408,True,892,30.320,NA,710,77.271,NA,46.511,------------,True,1.146,False
2022-06-22 11:21:35.2,10.793,12.182,True,892,29.668,NA,710,77.905,NA,47.729,------------,True,1.165,False
2022-06-22 11:21:35.4,10.424,11.795,True,892,29.037,NA,710,78.519,NA,48.076,------------,True,1.184,False
2022-06-22 11:21:35.6,11.180,12.568,True,892,28.362,NA,710,79.173,NA,49.316,------------,True,1.203,False
2022-06-22 11:21:35.8,10.793,12.182,True,892,27.710,NA,710,79.808,NA,49.687,------------,True,1.222,False
2022-06-22 11:21:36.0,11.180,12.568,True,892,27.035,NA,710,80.462,NA,50.644,------------,True,1.241,False
2022-06-22 11:21:36.2,10.793,12.182,True,892,26.382,NA,710,81.096,NA,51.014,------------,True,1.260,False
2022-06-22 11:21:36.4,10.793,12.182,True,892,25.729,NA,710,81.729,NA,51.667,------------,True,1.279,False
2022-06-22 11:21:36.6,10.793,12.182,True,892,25.077,NA,710,82.364,NA,52.319,------------,True,1.298,False
2022-06-22 11:21:36.8,11.180,12.568,True,892,24.402,NA,710,83.019,NA,53.276,------------,True,1.317,False
2022-06-22 11:21:37.0,10.793,12.182,True,892,23.749,NA,710,83.652,NA,53.646,------------,True,1.336,False
2022-06-22 11:21:37.2,10.793,12.182,True,892,23.097,NA,710,84.287,NA,54.300,------------,True,1.355,False
2022-06-22 11:21:37.4,10.793,12.182,True,892,22.443,NA,710,84.921,NA,54.952,------------,True,1.374,False
2022-06-22 11:21:37.6,11.180,12.568,True,892,21.770,NA,710,85.575,NA,55.909,------------,True,1.394,False
2022-06-22 11:21:37.8,10.793,12.182,True,892,21.116,NA,710,86.209,NA,56.279,------------,True,1.412,False
2022-06-22 11:21:38.0,10.793,12.182,True,892,20.464,NA,710,86.844,NA,56.933,------------,True,1.432,False
2022-06-22 11:21:38.2,10.793,12.182,True,892,19.811,NA,710,87.478,NA,57.585,------------,True,1.450,False
2022-06-22 11:21:38.4,10.424,11.795,True,892,19.180,NA,710,88.090,NA,57.934,------------,True,1.469,False
2022-06-22 11:21:38.6,10.793,12.182,True,892,18.527,NA,710,88.724,NA,58.869,------------,True,1.487,False
2022-06-22 11:21:38.8,10.793,12.182,True,892,17.874,NA,710,89.357,NA,59.521,------------,True,1.507,False
2022-06-22 11:21:39.0,10.424,11.795,True,892,17.243,NA,710,89.971,NA,59.870,------------,True,1.524,False
2022-06-22 11:21:39.2,10.793,12.182,True,892,16.591,NA,710,90.604,NA,60.806,------------,True,1.544,False
2022-06-22 11:21:39.4,10.424,11.795,True,892,15.960,NA,710,91.217,NA,61.153,------------,True,1.562,False
2022-06-22 11:21:39.6,10.793,12.182,True,892,15.307,NA,710,91.851,NA,62.089,------------,True,1.581,False
2022-06-22 11:21:39.8,10.424,11.795,True,892,14.676,NA,710,92.464,NA,62.438,------------,True,1.599,False
2022-06-22 11:21:40.0,10.424,11.795,True,892,14.045,NA,710,93.076,NA,63.068,------------,True,1.617,False
2022-06-22 11:21:40.2,10.793,12.182,True,892,13.392,NA,710,93.711,NA,64.004,------------,True,1.636,False
2022-06-22 11:21:40.4,10.424,11.795,True,892,12.761,NA,710,94.323,NA,64.353,------------,True,1.654,False
2022-06-22 11:21:40.6,10.424,11.795,True,892,12.130,NA,710,94.936,NA,64.983,------------,True,1.673,False
2022-06-22 11:21:40.8,10.424,11.795,True,892,11.499,NA,710,95.549,NA,65.614,------------,True,1.690,False
2022-06-22 11:21:41.0,10.424,11.795,True,892,10.868,NA,710,96.161,NA,66.245,------------,True,1.709,False
2022-06-22 11:21:41.2,10.424,11.795,True,892,10.237,NA,710,96.774,NA,0.467,------------,True,1.728,False
2022-06-22 11:21:41.4,10.424,11.795,True,892,9.606,NA,710,97.387,NA,1.098,------------,True,1.745,False
2022-06-22 11:21:41.6,10.424,11.795,True,892,8.975,NA,710,98.000,NA,1.729,------------,True,1.764,False
2022-06-22 11:21:41.8,10.037,11.408,True,892,8.366,NA,710,98.592,NA,2.055,------------,True,1.781,False
2022-06-22 11:21:42.0,10.424,11.795,True,892,7.734,NA,710,99.204,NA,2.969,------------,True,1.800,False
2022-06-22 11:21:42.2,10.424,11.795,True,892,7.104,NA,710,99.817,NA,3.600,------------,True,1.818,False
2022-06-22 11:21:42.4,10.037,11.408,True,892,6.494,NA,710,100.408,NA,3.927,------------,True,1.836,False
2022-06-22 11:21:42.6,10.037,11.408,True,892,5.885,NA,710,101.000,NA,4.536,------------,True,1.854,False
2022-06-22 11:21:42.8,10.424,11.795,True,892,5.254,NA,710,101.613,NA,5.449,------------,True,1.871,False
2022-06-22 11:21:43.0,10.037,11.408,True,892,4.645,NA,710,102.204,NA,5.776,------------,True,1.889,False
2022-06-22 11:21:43.2,10.037,11.408,True,892,4.036,NA,710,102.796,NA,6.385,------------,True,1.906,False
2022-06-22 11:21:43.4,10.424,11.795,True,892,3.404,NA,710,103.409,NA,7.299,------------,True,1.925,False
2022-06-22 11:21:43.6,10.037,11.408,True,892,2.796,NA,710,104.001,NA,7.625,------------,True,1.942,False
2022-06-22 11:21:43.8,10.037,11.408,True,892,2.187,NA,710,104.592,NA,8.234,------------,True,1.960,False
2022-06-22 11:21:44.0,10.037,11.408,True,892,1.577,NA,710,105.184,NA,8.844,------------,True,1.978,False
2022-06-22 11:21:44.2,9.650,11.004,True,892,0.989,NA,710,105.754,NA,9.136,------------,True,1.995,False
2022-06-22 11:21:44.4,10.037,11.408,True,892,0.380,NA,710,106.346,NA,10.041,------------,True,2.013,False
2022-06-22 11:21:44.6,10.037,11.408,True,892,0.118,NA,710,107.648,NA,10.303,------------,True,0.972,False
2022-06-22 11:21:44.8,10.037,11.408,True,891,65.908,NA,710,108.240,NA,10.805,------------,True,0.989,False
2022-06-22 11:21:45.0,9.650,11.004,True,891,65.321,NA,710,108.811,NA,11.097,------------,True,1.007,False
2022-06-22 11:21:45.2,9.650,11.004,True,891,64.733,NA,710,109.381,NA,11.685,------------,True,1.023,False
2022-06-22 11:21:45.4,10.037,11.408,True,891,64.124,NA,710,109.973,NA,12.589,------------,True,1.041,False
